dataset_source,hdf5_filename,sim,volume,is_nan,half_half_1_train,half_half_1_valid,half_half_2_train,half_half_2_valid,fold1_train,fold1_valid,fold2_train,fold2_valid,fold3_train,fold3_valid,fold4_train,fold4_valid
fullwave_abdominal_wall,fullwave_abdominal_wall_176_reg.hdf5,176,vishuman_abdwall_153_h,False,False,True,True,False,False,True,False,True,True,False,True,False
fullwave_abdominal_wall,fullwave_abdominal_wall_177_reg.hdf5,177,vishuman_abdwall_153_h,False,False,True,True,False,False,True,False,True,True,False,True,False
fullwave_abdominal_wall,fullwave_abdominal_wall_178_reg.hdf5,178,vishuman_abdwall_153_h,False,False,True,True,False,False,True,False,True,True,False,True,False
fullwave_abdominal_wall,fullwave_abdominal_wall_179_reg.hdf5,179,vishuman_abdwall_153_h,False,False,True,True,False,False,True,False,True,True,False,True,False
fullwave_abdominal_wall,fullwave_abdominal_wall_180_reg.hdf5,180,vishuman_abdwall_153_h,False,False,True,True,False,False,True,False,True,True,False,True,False
fullwave_abdominal_wall,fullwave_abdominal_wall_181_reg.hdf5,181,vishuman_abdwall_153_h,False,False,True,True,False,False,True,False,True,True,False,True,False
fullwave_abdominal_wall,fullwave_abdominal_wall_182_reg.hdf5,182,vishuman_abdwall_153_h,False,False,True,True,False,False,True,False,True,True,False,True,False
fullwave_abdominal_wall,fullwave_abdominal_wall_183_reg.hdf5,183,vishuman_abdwall_153_h,False,False,True,True,False,False,True,False,True,True,False,True,False
fullwave_abdominal_wall,fullwave_abdominal_wall_184_reg.hdf5,184,vishuman_abdwall_153_h,False,False,True,True,False,False,True,False,True,True,False,True,False
fullwave_abdominal_wall,fullwave_abdominal_wall_185_reg.hdf5,185,vishuman_abdwall_153_h,False,False,True,True,False,False,True,False,True,True,False,True,False
fullwave_abdominal_wall,fullwave_abdominal_wall_186_reg.hdf5,186,vishuman_abdwall_153_h,False,False,True,True,False,False,True,False,True,True,False,True,False
fullwave_abdominal_wall,fullwave_abdominal_wall_188_reg.hdf5,188,vishuman_abdwall_153_h,False,False,True,True,False,False,True,False,True,True,False,True,False
fullwave_abdominal_wall,fullwave_abdominal_wall_189_reg.hdf5,189,vishuman_abdwall_153_h,False,False,True,True,False,False,True,False,True,True,False,True,False
fullwave_abdominal_wall,fullwave_abdominal_wall_190_reg.hdf5,190,vishuman_abdwall_153_h,False,False,True,True,False,False,True,False,True,True,False,True,False
fullwave_abdominal_wall,fullwave_abdominal_wall_192_reg.hdf5,192,vishuman_abdwall_153_h,False,False,True,True,False,False,True,False,True,True,False,True,False
fullwave_abdominal_wall,fullwave_abdominal_wall_193_reg.hdf5,193,vishuman_abdwall_153_h,False,False,True,True,False,False,True,False,True,True,False,True,False
fullwave_abdominal_wall,fullwave_abdominal_wall_194_reg.hdf5,194,vishuman_abdwall_153_h,False,False,True,True,False,False,True,False,True,True,False,True,False
fullwave_abdominal_wall,fullwave_abdominal_wall_196_reg.hdf5,196,vishuman_abdwall_153_h,False,False,True,True,False,False,True,False,True,True,False,True,False
fullwave_abdominal_wall,fullwave_abdominal_wall_197_reg.hdf5,197,vishuman_abdwall_153_h,False,False,True,True,False,False,True,False,True,True,False,True,False
fullwave_abdominal_wall,fullwave_abdominal_wall_198_reg.hdf5,198,vishuman_abdwall_153_h,False,False,True,True,False,False,True,False,True,True,False,True,False
fullwave_abdominal_wall,fullwave_abdominal_wall_202_reg.hdf5,202,vishuman_abdwall_153_h,False,False,True,True,False,False,True,False,True,True,False,True,False
fullwave_abdominal_wall,fullwave_abdominal_wall_203_reg.hdf5,203,vishuman_abdwall_153_h,False,False,True,True,False,False,True,False,True,True,False,True,False
fullwave_abdominal_wall,fullwave_abdominal_wall_204_reg.hdf5,204,vishuman_abdwall_153_h,False,False,True,True,False,False,True,False,True,True,False,True,False
fullwave_abdominal_wall,fullwave_abdominal_wall_206_reg.hdf5,206,vishuman_abdwall_153_h,False,False,True,True,False,False,True,False,True,True,False,True,False
fullwave_abdominal_wall,fullwave_abdominal_wall_207_reg.hdf5,207,vishuman_abdwall_153_h,False,False,True,True,False,False,True,False,True,True,False,True,False
fullwave_abdominal_wall,fullwave_abdominal_wall_208_reg.hdf5,208,vishuman_abdwall_153_h,False,False,True,True,False,False,True,False,True,True,False,True,False
fullwave_abdominal_wall,fullwave_abdominal_wall_209_reg.hdf5,209,vishuman_abdwall_153_h,False,False,True,True,False,False,True,False,True,True,False,True,False
fullwave_abdominal_wall,fullwave_abdominal_wall_210_reg.hdf5,210,vishuman_abdwall_153_h,False,False,True,True,False,False,True,False,True,True,False,True,False
fullwave_abdominal_wall,fullwave_abdominal_wall_211_reg.hdf5,211,vishuman_abdominal_cropped,False,True,False,True,False,True,False,True,False,True,False,True,False
fullwave_abdominal_wall,fullwave_abdominal_wall_212_reg.hdf5,212,vishuman_abdominal_cropped,False,True,False,True,False,True,False,True,False,True,False,True,False
fullwave_abdominal_wall,fullwave_abdominal_wall_213_reg.hdf5,213,vishuman_abdominal_cropped,False,True,False,True,False,True,False,True,False,True,False,True,False
fullwave_abdominal_wall,fullwave_abdominal_wall_214_reg.hdf5,214,vishuman_abdominal_cropped,False,True,False,True,False,True,False,True,False,True,False,True,False
fullwave_abdominal_wall,fullwave_abdominal_wall_216_reg.hdf5,216,vishuman_abdominal_cropped,False,True,False,True,False,True,False,True,False,True,False,True,False
fullwave_abdominal_wall,fullwave_abdominal_wall_217_reg.hdf5,217,vishuman_abdominal_cropped,False,True,False,True,False,True,False,True,False,True,False,True,False
fullwave_abdominal_wall,fullwave_abdominal_wall_218_reg.hdf5,218,vishuman_abdominal_cropped,False,True,False,True,False,True,False,True,False,True,False,True,False
fullwave_abdominal_wall,fullwave_abdominal_wall_219_reg.hdf5,219,vishuman_abdominal_cropped,False,True,False,True,False,True,False,True,False,True,False,True,False
fullwave_abdominal_wall,fullwave_abdominal_wall_220_reg.hdf5,220,vishuman_abdominal_cropped,False,True,False,True,False,True,False,True,False,True,False,True,False
fullwave_abdominal_wall,fullwave_abdominal_wall_221_reg.hdf5,221,vishuman_abdominal_cropped,False,True,False,True,False,True,False,True,False,True,False,True,False
fullwave_abdominal_wall,fullwave_abdominal_wall_223_reg.hdf5,223,vishuman_abdominal_cropped,False,True,False,True,False,True,False,True,False,True,False,True,False
fullwave_abdominal_wall,fullwave_abdominal_wall_224_reg.hdf5,224,vishuman_abdominal_cropped,False,True,False,True,False,True,False,True,False,True,False,True,False
fullwave_abdominal_wall,fullwave_abdominal_wall_225_reg.hdf5,225,vishuman_abdominal_cropped,False,True,False,True,False,True,False,True,False,True,False,True,False
fullwave_abdominal_wall,fullwave_abdominal_wall_226_reg.hdf5,226,vishuman_abdominal_cropped,False,True,False,True,False,True,False,True,False,True,False,True,False
fullwave_abdominal_wall,fullwave_abdominal_wall_227_reg.hdf5,227,vishuman_abdominal_cropped,False,True,False,True,False,True,False,True,False,True,False,True,False
fullwave_abdominal_wall,fullwave_abdominal_wall_228_reg.hdf5,228,vishuman_abdominal_cropped,False,True,False,True,False,True,False,True,False,True,False,True,False
fullwave_abdominal_wall,fullwave_abdominal_wall_229_reg.hdf5,229,vishuman_abdominal_cropped,False,True,False,True,False,True,False,True,False,True,False,True,False
fullwave_abdominal_wall,fullwave_abdominal_wall_230_reg.hdf5,230,vishuman_abdominal_cropped,False,True,False,True,False,True,False,True,False,True,False,True,False
fullwave_abdominal_wall,fullwave_abdominal_wall_231_reg.hdf5,231,vishuman_abdominal_cropped,False,True,False,True,False,True,False,True,False,True,False,True,False
fullwave_abdominal_wall,fullwave_abdominal_wall_232_reg.hdf5,232,vishuman_abdominal_cropped,False,True,False,True,False,True,False,True,False,True,False,True,False
fullwave_abdominal_wall,fullwave_abdominal_wall_233_reg.hdf5,233,vishuman_abdominal_cropped,False,True,False,True,False,True,False,True,False,True,False,True,False
fullwave_abdominal_wall,fullwave_abdominal_wall_236_reg.hdf5,236,vishuman_abdominal_cropped,False,True,False,True,False,True,False,True,False,True,False,True,False
fullwave_abdominal_wall,fullwave_abdominal_wall_237_reg.hdf5,237,vishuman_abdominal_cropped,False,True,False,True,False,True,False,True,False,True,False,True,False
fullwave_abdominal_wall,fullwave_abdominal_wall_238_reg.hdf5,238,vishuman_abdominal_cropped,False,True,False,True,False,True,False,True,False,True,False,True,False
fullwave_abdominal_wall,fullwave_abdominal_wall_239_reg.hdf5,239,vishuman_abdominal_cropped,False,True,False,True,False,True,False,True,False,True,False,True,False
fullwave_abdominal_wall,fullwave_abdominal_wall_241_reg.hdf5,241,vishuman_abdominal_cropped,False,True,False,True,False,True,False,True,False,True,False,True,False
fullwave_abdominal_wall,fullwave_abdominal_wall_242_reg.hdf5,242,vishuman_abdominal_cropped,False,True,False,True,False,True,False,True,False,True,False,True,False
fullwave_abdominal_wall,fullwave_abdominal_wall_243_reg.hdf5,243,vishuman_abdominal_cropped,False,True,False,True,False,True,False,True,False,True,False,True,False
fullwave_abdominal_wall,fullwave_abdominal_wall_244_reg.hdf5,244,vishuman_abdominal_cropped,False,True,False,True,False,True,False,True,False,True,False,True,False
fullwave_abdominal_wall,fullwave_abdominal_wall_245_reg.hdf5,245,vishuman_abdominal_cropped,False,True,False,True,False,True,False,True,False,True,False,True,False
fullwave_abdominal_wall,fullwave_abdominal_wall_246_reg.hdf5,246,vishuman_abdwall_cropped_7left153s,False,True,False,False,True,True,False,True,False,False,True,False,True
fullwave_abdominal_wall,fullwave_abdominal_wall_248_reg.hdf5,248,vishuman_abdwall_cropped_7left153s,False,True,False,False,True,True,False,True,False,False,True,False,True
fullwave_abdominal_wall,fullwave_abdominal_wall_250_reg.hdf5,250,vishuman_abdwall_cropped_5left153s,False,True,False,False,True,True,False,True,False,True,False,True,False
fullwave_abdominal_wall,fullwave_abdominal_wall_251_reg.hdf5,251,vishuman_abdwall_cropped_6left153s,False,True,False,False,True,True,False,True,False,False,True,False,True
fullwave_abdominal_wall,fullwave_abdominal_wall_252_reg.hdf5,252,vishuman_abdwall_cropped_6left153s,False,True,False,False,True,True,False,True,False,False,True,False,True
fullwave_abdominal_wall,fullwave_abdominal_wall_253_reg.hdf5,253,vishuman_abdwall_cropped_5left153s,False,True,False,False,True,True,False,True,False,True,False,True,False
fullwave_abdominal_wall,fullwave_abdominal_wall_255_reg.hdf5,255,vishuman_abdwall_cropped_5left153s,False,True,False,False,True,True,False,True,False,True,False,True,False
fullwave_abdominal_wall,fullwave_abdominal_wall_256_reg.hdf5,256,vishuman_abdwall_cropped_6left153s,False,True,False,False,True,True,False,True,False,False,True,False,True
fullwave_abdominal_wall,fullwave_abdominal_wall_257_reg.hdf5,257,vishuman_abdwall_cropped_7left153s,False,True,False,False,True,True,False,True,False,False,True,False,True
fullwave_abdominal_wall,fullwave_abdominal_wall_258_reg.hdf5,258,vishuman_abdwall_cropped_5left153s,False,True,False,False,True,True,False,True,False,True,False,True,False
fullwave_abdominal_wall,fullwave_abdominal_wall_259_reg.hdf5,259,vishuman_abdwall_cropped_7left153s,False,True,False,False,True,True,False,True,False,False,True,False,True
fullwave_abdominal_wall,fullwave_abdominal_wall_260_reg.hdf5,260,vishuman_abdwall_cropped_6left153s,False,True,False,False,True,True,False,True,False,False,True,False,True
fullwave_abdominal_wall,fullwave_abdominal_wall_261_reg.hdf5,261,vishuman_abdwall_cropped_7-153s,False,False,True,True,False,False,True,False,True,True,False,True,False
fullwave_abdominal_wall,fullwave_abdominal_wall_262_reg.hdf5,262,vishuman_abdwall_cropped_7-153s,False,False,True,True,False,False,True,False,True,True,False,True,False
fullwave_abdominal_wall,fullwave_abdominal_wall_265_reg.hdf5,265,vishuman_abdwall_cropped_5left153s,False,True,False,False,True,True,False,True,False,True,False,True,False
fullwave_abdominal_wall,fullwave_abdominal_wall_267_reg.hdf5,267,vishuman_abdwall_cropped_5left153s,False,True,False,False,True,True,False,True,False,True,False,True,False
fullwave_abdominal_wall,fullwave_abdominal_wall_268_reg.hdf5,268,vishuman_abdwall_cropped_7left153s,False,True,False,False,True,True,False,True,False,False,True,False,True
fullwave_abdominal_wall,fullwave_abdominal_wall_276_reg.hdf5,276,vishuman_abdwall_cropped_7left153s,False,True,False,False,True,True,False,True,False,False,True,False,True
fullwave_abdominal_wall,fullwave_abdominal_wall_277_reg.hdf5,277,vishuman_abdwall_cropped_7-153s,False,False,True,True,False,False,True,False,True,True,False,True,False
fullwave_abdominal_wall,fullwave_abdominal_wall_281_reg.hdf5,281,vishuman_abdominal_cropped,False,True,False,True,False,True,False,True,False,True,False,True,False
fullwave_abdominal_wall,fullwave_abdominal_wall_282_reg.hdf5,282,vishuman_abdwall_cropped_7left153s,False,True,False,False,True,True,False,True,False,False,True,False,True
fullwave_abdominal_wall,fullwave_abdominal_wall_283_reg.hdf5,283,vishuman_abdominal_cropped,False,True,False,True,False,True,False,True,False,True,False,True,False
fullwave_abdominal_wall,fullwave_abdominal_wall_284_reg.hdf5,284,vishuman_abdwall_cropped_7left153s,False,True,False,False,True,True,False,True,False,False,True,False,True
fullwave_abdominal_wall,fullwave_abdominal_wall_285_reg.hdf5,285,vishuman_abdwall_153_h,False,False,True,True,False,False,True,False,True,True,False,True,False
fullwave_abdominal_wall,fullwave_abdominal_wall_286_reg.hdf5,286,vishuman_abdwall_cropped_7left153s,False,True,False,False,True,True,False,True,False,False,True,False,True
fullwave_abdominal_wall,fullwave_abdominal_wall_287_reg.hdf5,287,vishuman_abdominal_cropped,False,True,False,True,False,True,False,True,False,True,False,True,False
fullwave_abdominal_wall,fullwave_abdominal_wall_288_reg.hdf5,288,vishuman_abdominal_cropped,False,True,False,True,False,True,False,True,False,True,False,True,False
fullwave_abdominal_wall,fullwave_abdominal_wall_289_reg.hdf5,289,vishuman_abdominal_cropped,False,True,False,True,False,True,False,True,False,True,False,True,False
fullwave_abdominal_wall,fullwave_abdominal_wall_290_reg.hdf5,290,vishuman_abdominal_cropped,False,True,False,True,False,True,False,True,False,True,False,True,False
fullwave_abdominal_wall,fullwave_abdominal_wall_292_reg.hdf5,292,vishuman_abdwall_153_h,False,False,True,True,False,False,True,False,True,True,False,True,False
fullwave_abdominal_wall,fullwave_abdominal_wall_293_reg.hdf5,293,vishuman_abdominal_cropped,False,True,False,True,False,True,False,True,False,True,False,True,False
fullwave_abdominal_wall,fullwave_abdominal_wall_295_reg.hdf5,295,vishuman_abdwall_153_h,False,False,True,True,False,False,True,False,True,True,False,True,False
fullwave_abdominal_wall,fullwave_abdominal_wall_296_reg.hdf5,296,vishuman_abdwall_153_h,False,False,True,True,False,False,True,False,True,True,False,True,False
fullwave_abdominal_wall,fullwave_abdominal_wall_297_reg.hdf5,297,vishuman_abdwall_153_h,False,False,True,True,False,False,True,False,True,True,False,True,False
fullwave_abdominal_wall,fullwave_abdominal_wall_298_reg.hdf5,298,vishuman_abdominal_cropped,False,True,False,True,False,True,False,True,False,True,False,True,False
fullwave_abdominal_wall,fullwave_abdominal_wall_299_reg.hdf5,299,vishuman_abdominal_cropped,False,True,False,True,False,True,False,True,False,True,False,True,False
fullwave_abdominal_wall,fullwave_abdominal_wall_301_reg.hdf5,301,vishuman_abdominal_cropped,False,True,False,True,False,True,False,True,False,True,False,True,False
fullwave_abdominal_wall,fullwave_abdominal_wall_303_reg.hdf5,303,vishuman_abdwall_153_h,False,False,True,True,False,False,True,False,True,True,False,True,False
fullwave_abdominal_wall,fullwave_abdominal_wall_304_reg.hdf5,304,vishuman_abdwall_cropped_5left153s,False,True,False,False,True,True,False,True,False,True,False,True,False
fullwave_abdominal_wall,fullwave_abdominal_wall_305_reg.hdf5,305,vishuman_abdwall_cropped_7left153s,False,True,False,False,True,True,False,True,False,False,True,False,True
fullwave_abdominal_wall,fullwave_abdominal_wall_306_reg.hdf5,306,vishuman_abdominal_cropped,False,True,False,True,False,True,False,True,False,True,False,True,False
fullwave_abdominal_wall,fullwave_abdominal_wall_315_reg.hdf5,315,vishuman_abdwall_cropped_7-153s,False,False,True,True,False,False,True,False,True,True,False,True,False
fullwave_abdominal_wall,fullwave_abdominal_wall_316_reg.hdf5,316,vishuman_abdwall_cropped_7left153s,False,True,False,False,True,True,False,True,False,False,True,False,True
fullwave_abdominal_wall,fullwave_abdominal_wall_317_reg.hdf5,317,vishuman_abdwall_153_h,False,False,True,True,False,False,True,False,True,True,False,True,False
fullwave_abdominal_wall,fullwave_abdominal_wall_318_reg.hdf5,318,vishuman_abdominal_cropped,False,True,False,True,False,True,False,True,False,True,False,True,False
fullwave_abdominal_wall,fullwave_abdominal_wall_319_reg.hdf5,319,vishuman_abdwall_153_h,False,False,True,True,False,False,True,False,True,True,False,True,False
fullwave_abdominal_wall,fullwave_abdominal_wall_320_reg.hdf5,320,vishuman_abdominal_cropped,False,True,False,True,False,True,False,True,False,True,False,True,False
fullwave_abdominal_wall,fullwave_abdominal_wall_322_reg.hdf5,322,vishuman_abdwall_cropped_7left153s,False,True,False,False,True,True,False,True,False,False,True,False,True
fullwave_abdominal_wall,fullwave_abdominal_wall_323_reg.hdf5,323,vishuman_abdominal_cropped,False,True,False,True,False,True,False,True,False,True,False,True,False
fullwave_abdominal_wall,fullwave_abdominal_wall_324_reg.hdf5,324,vishuman_abdwall_cropped_7-153s,False,False,True,True,False,False,True,False,True,True,False,True,False
fullwave_abdominal_wall,fullwave_abdominal_wall_325_reg.hdf5,325,vishuman_abdominal_cropped,False,True,False,True,False,True,False,True,False,True,False,True,False
fullwave_abdominal_wall,fullwave_abdominal_wall_326_reg.hdf5,326,vishuman_abdwall_cropped_5left153s,False,True,False,False,True,True,False,True,False,True,False,True,False
fullwave_abdominal_wall,fullwave_abdominal_wall_327_reg.hdf5,327,vishuman_abdwall_cropped_7-153s,False,False,True,True,False,False,True,False,True,True,False,True,False
fullwave_abdominal_wall,fullwave_abdominal_wall_329_reg.hdf5,329,vishuman_abdominal_cropped,False,True,False,True,False,True,False,True,False,True,False,True,False
fullwave_abdominal_wall,fullwave_abdominal_wall_330_reg.hdf5,330,vishuman_abdwall_cropped_5left153s,False,True,False,False,True,True,False,True,False,True,False,True,False
fullwave_abdominal_wall,fullwave_abdominal_wall_331_reg.hdf5,331,vishuman_abdwall_cropped_7left153s,False,True,False,False,True,True,False,True,False,False,True,False,True
fullwave_abdominal_wall,fullwave_abdominal_wall_332_reg.hdf5,332,vishuman_abdwall_153_h,False,False,True,True,False,False,True,False,True,True,False,True,False
fullwave_abdominal_wall,fullwave_abdominal_wall_333_reg.hdf5,333,vishuman_abdwall_cropped_5left153s,False,True,False,False,True,True,False,True,False,True,False,True,False
fullwave_abdominal_wall,fullwave_abdominal_wall_335_reg.hdf5,335,vishuman_abdwall_cropped_7left153s,False,True,False,False,True,True,False,True,False,False,True,False,True
fullwave_abdominal_wall,fullwave_abdominal_wall_336_reg.hdf5,336,vishuman_abdwall_cropped_6left153s,False,True,False,False,True,True,False,True,False,False,True,False,True
fullwave_abdominal_wall,fullwave_abdominal_wall_337_reg.hdf5,337,vishuman_abdwall_153_h,False,False,True,True,False,False,True,False,True,True,False,True,False
fullwave_abdominal_wall,fullwave_abdominal_wall_338_reg.hdf5,338,vishuman_abdwall_cropped_6left153s,False,True,False,False,True,True,False,True,False,False,True,False,True
fullwave_abdominal_wall,fullwave_abdominal_wall_339_reg.hdf5,339,vishuman_abdwall_153_h,False,False,True,True,False,False,True,False,True,True,False,True,False
fullwave_abdominal_wall,fullwave_abdominal_wall_340_reg.hdf5,340,vishuman_abdominal_cropped,False,True,False,True,False,True,False,True,False,True,False,True,False
fullwave_abdominal_wall,fullwave_abdominal_wall_342_reg.hdf5,342,vishuman_abdwall_153_h,False,False,True,True,False,False,True,False,True,True,False,True,False
fullwave_abdominal_wall,fullwave_abdominal_wall_343_reg.hdf5,343,vishuman_abdwall_153_h,False,False,True,True,False,False,True,False,True,True,False,True,False
fullwave_abdominal_wall,fullwave_abdominal_wall_345_reg.hdf5,345,vishuman_abdwall_153_h,False,False,True,True,False,False,True,False,True,True,False,True,False
fullwave_abdominal_wall,fullwave_abdominal_wall_346_reg.hdf5,346,vishuman_abdwall_cropped_7-153s,False,False,True,True,False,False,True,False,True,True,False,True,False
fullwave_abdominal_wall,fullwave_abdominal_wall_347_reg.hdf5,347,vishuman_abdwall_153_h,False,False,True,True,False,False,True,False,True,True,False,True,False
fullwave_abdominal_wall,fullwave_abdominal_wall_348_reg.hdf5,348,vishuman_abdwall_153_h,False,False,True,True,False,False,True,False,True,True,False,True,False
fullwave_abdominal_wall,fullwave_abdominal_wall_349_reg.hdf5,349,vishuman_abdominal_cropped,False,True,False,True,False,True,False,True,False,True,False,True,False
fullwave_abdominal_wall,fullwave_abdominal_wall_350_reg.hdf5,350,vishuman_abdwall_153_h,False,False,True,True,False,False,True,False,True,True,False,True,False
fullwave_abdominal_wall,fullwave_abdominal_wall_351_reg.hdf5,351,vishuman_abdwall_153_h,False,False,True,True,False,False,True,False,True,True,False,True,False
fullwave_abdominal_wall,fullwave_abdominal_wall_352_reg.hdf5,352,vishuman_abdominal_cropped,False,True,False,True,False,True,False,True,False,True,False,True,False
fullwave_abdominal_wall,fullwave_abdominal_wall_353_reg.hdf5,353,vishuman_abdwall_cropped_7-153s,False,False,True,True,False,False,True,False,True,True,False,True,False
fullwave_abdominal_wall,fullwave_abdominal_wall_354_reg.hdf5,354,vishuman_abdwall_cropped_6left153s,False,True,False,False,True,True,False,True,False,False,True,False,True
fullwave_abdominal_wall,fullwave_abdominal_wall_355_reg.hdf5,355,vishuman_abdwall_cropped_7left153s,False,True,False,False,True,True,False,True,False,False,True,False,True
fullwave_abdominal_wall,fullwave_abdominal_wall_356_reg.hdf5,356,vishuman_abdwall_cropped_7-153s,False,False,True,True,False,False,True,False,True,True,False,True,False
fullwave_abdominal_wall,fullwave_abdominal_wall_357_reg.hdf5,357,vishuman_abdwall_153_h,False,False,True,True,False,False,True,False,True,True,False,True,False
fullwave_abdominal_wall,fullwave_abdominal_wall_358_reg.hdf5,358,vishuman_abdwall_153_h,False,False,True,True,False,False,True,False,True,True,False,True,False
fullwave_abdominal_wall,fullwave_abdominal_wall_359_reg.hdf5,359,vishuman_abdwall_153_h,False,False,True,True,False,False,True,False,True,True,False,True,False
fullwave_abdominal_wall,fullwave_abdominal_wall_360_reg.hdf5,360,vishuman_abdominal_cropped,False,True,False,True,False,True,False,True,False,True,False,True,False
fullwave_abdominal_wall,fullwave_abdominal_wall_361_reg.hdf5,361,vishuman_abdwall_cropped_7-153s,False,False,True,True,False,False,True,False,True,True,False,True,False
fullwave_abdominal_wall,fullwave_abdominal_wall_362_reg.hdf5,362,vishuman_abdwall_cropped_6left153s,False,True,False,False,True,True,False,True,False,False,True,False,True
fullwave_abdominal_wall,fullwave_abdominal_wall_363_reg.hdf5,363,vishuman_abdwall_cropped_7left153s,False,True,False,False,True,True,False,True,False,False,True,False,True
fullwave_abdominal_wall,fullwave_abdominal_wall_364_reg.hdf5,364,vishuman_abdwall_153_h,False,False,True,True,False,False,True,False,True,True,False,True,False
fullwave_abdominal_wall,fullwave_abdominal_wall_365_reg.hdf5,365,vishuman_abdwall_cropped_7-153s,False,False,True,True,False,False,True,False,True,True,False,True,False
fullwave_abdominal_wall,fullwave_abdominal_wall_366_reg.hdf5,366,vishuman_abdwall_cropped_7-153s,False,False,True,True,False,False,True,False,True,True,False,True,False
fullwave_abdominal_wall,fullwave_abdominal_wall_371_reg.hdf5,371,vishuman_abdwall_153_h,False,False,True,True,False,False,True,False,True,True,False,True,False
fullwave_abdominal_wall,fullwave_abdominal_wall_373_reg.hdf5,373,vishuman_abdwall_153_h,False,False,True,True,False,False,True,False,True,True,False,True,False
fullwave_abdominal_wall,fullwave_abdominal_wall_374_reg.hdf5,374,vishuman_abdwall_153_h,False,False,True,True,False,False,True,False,True,True,False,True,False
fullwave_abdominal_wall,fullwave_abdominal_wall_379_reg.hdf5,379,vishuman_abdwall_153_h,False,False,True,True,False,False,True,False,True,True,False,True,False
fullwave_abdominal_wall,fullwave_abdominal_wall_380_reg.hdf5,380,vishuman_abdominal_cropped,False,True,False,True,False,True,False,True,False,True,False,True,False
fullwave_abdominal_wall,fullwave_abdominal_wall_382_reg.hdf5,382,vishuman_abdwall_153_h,False,False,True,True,False,False,True,False,True,True,False,True,False
fullwave_abdominal_wall,fullwave_abdominal_wall_383_reg.hdf5,383,vishuman_abdominal_cropped,False,True,False,True,False,True,False,True,False,True,False,True,False
fullwave_abdominal_wall,fullwave_abdominal_wall_384_reg.hdf5,384,vishuman_abdwall_cropped_6left153s,False,True,False,False,True,True,False,True,False,False,True,False,True
fullwave_abdominal_wall,fullwave_abdominal_wall_385_reg.hdf5,385,vishuman_abdwall_153_h,False,False,True,True,False,False,True,False,True,True,False,True,False
fullwave_abdominal_wall,fullwave_abdominal_wall_386_reg.hdf5,386,vishuman_abdominal_cropped,False,True,False,True,False,True,False,True,False,True,False,True,False
fullwave_abdominal_wall,fullwave_abdominal_wall_387_reg.hdf5,387,vishuman_abdominal_cropped,False,True,False,True,False,True,False,True,False,True,False,True,False
fullwave_abdominal_wall,fullwave_abdominal_wall_388_reg.hdf5,388,vishuman_abdwall_153_h,False,False,True,True,False,False,True,False,True,True,False,True,False
fullwave_abdominal_wall,fullwave_abdominal_wall_389_reg.hdf5,389,vishuman_abdwall_153_h,False,False,True,True,False,False,True,False,True,True,False,True,False
fullwave_abdominal_wall,fullwave_abdominal_wall_390_reg.hdf5,390,vishuman_abdominal_cropped,False,True,False,True,False,True,False,True,False,True,False,True,False
fullwave_abdominal_wall,fullwave_abdominal_wall_392_reg.hdf5,392,vishuman_abdominal_cropped,False,True,False,True,False,True,False,True,False,True,False,True,False
fullwave_abdominal_wall,fullwave_abdominal_wall_393_reg.hdf5,393,vishuman_abdwall_cropped_5left153s,False,True,False,False,True,True,False,True,False,True,False,True,False
fullwave_abdominal_wall,fullwave_abdominal_wall_394_reg.hdf5,394,vishuman_abdwall_153_h,False,False,True,True,False,False,True,False,True,True,False,True,False
fullwave_abdominal_wall,fullwave_abdominal_wall_395_reg.hdf5,395,vishuman_abdwall_cropped_7left153s,False,True,False,False,True,True,False,True,False,False,True,False,True
fullwave_abdominal_wall,fullwave_abdominal_wall_396_reg.hdf5,396,vishuman_abdwall_cropped_6left153s,False,True,False,False,True,True,False,True,False,False,True,False,True
fullwave_abdominal_wall,fullwave_abdominal_wall_397_reg.hdf5,397,vishuman_abdwall_153_h,False,False,True,True,False,False,True,False,True,True,False,True,False
fullwave_abdominal_wall,fullwave_abdominal_wall_398_reg.hdf5,398,vishuman_abdwall_cropped_7-153s,False,False,True,True,False,False,True,False,True,True,False,True,False
fullwave_abdominal_wall,fullwave_abdominal_wall_399_reg.hdf5,399,vishuman_abdominal_cropped,False,True,False,True,False,True,False,True,False,True,False,True,False
fullwave_abdominal_wall,fullwave_abdominal_wall_400_reg.hdf5,400,vishuman_abdominal_cropped,False,True,False,True,False,True,False,True,False,True,False,True,False
fullwave_abdominal_wall,fullwave_abdominal_wall_402_reg.hdf5,402,vishuman_abdwall_153_h,False,False,True,True,False,False,True,False,True,True,False,True,False
fullwave_abdominal_wall,fullwave_abdominal_wall_403_reg.hdf5,403,vishuman_abdwall_cropped_5left153s,False,True,False,False,True,True,False,True,False,True,False,True,False
fullwave_abdominal_wall,fullwave_abdominal_wall_404_reg.hdf5,404,vishuman_abdwall_cropped_7left153s,False,True,False,False,True,True,False,True,False,False,True,False,True
fullwave_abdominal_wall,fullwave_abdominal_wall_405_reg.hdf5,405,vishuman_abdwall_cropped_5left153s,False,True,False,False,True,True,False,True,False,True,False,True,False
fullwave_abdominal_wall,fullwave_abdominal_wall_406_reg.hdf5,406,vishuman_abdominal_cropped,False,True,False,True,False,True,False,True,False,True,False,True,False
fullwave_abdominal_wall,fullwave_abdominal_wall_407_reg.hdf5,407,vishuman_abdwall_153_h,False,False,True,True,False,False,True,False,True,True,False,True,False
fullwave_abdominal_wall,fullwave_abdominal_wall_408_reg.hdf5,408,vishuman_abdwall_cropped_7-153s,False,False,True,True,False,False,True,False,True,True,False,True,False
fullwave_abdominal_wall,fullwave_abdominal_wall_409_reg.hdf5,409,vishuman_abdwall_cropped_7-153s,False,False,True,True,False,False,True,False,True,True,False,True,False
fullwave_abdominal_wall,fullwave_abdominal_wall_410_reg.hdf5,410,vishuman_abdwall_cropped_6left153s,False,True,False,False,True,True,False,True,False,False,True,False,True
fullwave_abdominal_wall,fullwave_abdominal_wall_411_reg.hdf5,411,vishuman_abdwall_153_h,False,False,True,True,False,False,True,False,True,True,False,True,False
fullwave_abdominal_wall,fullwave_abdominal_wall_412_reg.hdf5,412,vishuman_abdominal_cropped,False,True,False,True,False,True,False,True,False,True,False,True,False
fullwave_abdominal_wall,fullwave_abdominal_wall_413_reg.hdf5,413,vishuman_abdwall_cropped_7-153s,False,False,True,True,False,False,True,False,True,True,False,True,False
fullwave_abdominal_wall,fullwave_abdominal_wall_414_reg.hdf5,414,vishuman_abdominal_cropped,False,True,False,True,False,True,False,True,False,True,False,True,False
fullwave_abdominal_wall,fullwave_abdominal_wall_415_reg.hdf5,415,vishuman_abdwall_cropped_7left153s,False,True,False,False,True,True,False,True,False,False,True,False,True
fullwave_abdominal_wall,fullwave_abdominal_wall_416_reg.hdf5,416,vishuman_abdwall_cropped_6left153s,False,True,False,False,True,True,False,True,False,False,True,False,True
fullwave_abdominal_wall,fullwave_abdominal_wall_417_reg.hdf5,417,vishuman_abdwall_cropped_7left153s,False,True,False,False,True,True,False,True,False,False,True,False,True
fullwave_abdominal_wall,fullwave_abdominal_wall_418_reg.hdf5,418,vishuman_abdominal_cropped,False,True,False,True,False,True,False,True,False,True,False,True,False
fullwave_abdominal_wall,fullwave_abdominal_wall_419_reg.hdf5,419,vishuman_abdwall_cropped_6left153s,False,True,False,False,True,True,False,True,False,False,True,False,True
fullwave_abdominal_wall,fullwave_abdominal_wall_420_reg.hdf5,420,vishuman_abdominal_cropped,False,True,False,True,False,True,False,True,False,True,False,True,False
fullwave_abdominal_wall,fullwave_abdominal_wall_422_reg.hdf5,422,vishuman_abdominal_cropped,False,True,False,True,False,True,False,True,False,True,False,True,False
fullwave_abdominal_wall,fullwave_abdominal_wall_423_reg.hdf5,423,vishuman_abdominal_cropped,False,True,False,True,False,True,False,True,False,True,False,True,False
fullwave_abdominal_wall,fullwave_abdominal_wall_428_reg.hdf5,428,vishuman_abdominal_cropped,False,True,False,True,False,True,False,True,False,True,False,True,False
fullwave_abdominal_wall,fullwave_abdominal_wall_429_reg.hdf5,429,vishuman_abdominal_cropped,False,True,False,True,False,True,False,True,False,True,False,True,False
fullwave_abdominal_wall,fullwave_abdominal_wall_430_reg.hdf5,430,vishuman_abdominal_cropped,False,True,False,True,False,True,False,True,False,True,False,True,False
fullwave_abdominal_wall,fullwave_abdominal_wall_431_reg.hdf5,431,vishuman_abdwall_cropped_6left153s,False,True,False,False,True,True,False,True,False,False,True,False,True
fullwave_abdominal_wall,fullwave_abdominal_wall_432_reg.hdf5,432,vishuman_abdominal_cropped,False,True,False,True,False,True,False,True,False,True,False,True,False
fullwave_abdominal_wall,fullwave_abdominal_wall_433_reg.hdf5,433,vishuman_abdwall_cropped_7-153s,False,False,True,True,False,False,True,False,True,True,False,True,False
fullwave_abdominal_wall,fullwave_abdominal_wall_434_reg.hdf5,434,vishuman_abdominal_cropped,False,True,False,True,False,True,False,True,False,True,False,True,False
fullwave_abdominal_wall,fullwave_abdominal_wall_435_reg.hdf5,435,vishuman_abdwall_153_h,False,False,True,True,False,False,True,False,True,True,False,True,False
fullwave_abdominal_wall,fullwave_abdominal_wall_436_reg.hdf5,436,vishuman_abdwall_cropped_7left153s,False,True,False,False,True,True,False,True,False,False,True,False,True
fullwave_abdominal_wall,fullwave_abdominal_wall_437_reg.hdf5,437,vishuman_abdominal_cropped,False,True,False,True,False,True,False,True,False,True,False,True,False
fullwave_abdominal_wall,fullwave_abdominal_wall_438_reg.hdf5,438,vishuman_abdominal_cropped,False,True,False,True,False,True,False,True,False,True,False,True,False
fullwave_abdominal_wall,fullwave_abdominal_wall_439_reg.hdf5,439,vishuman_abdwall_cropped_7left153s,False,True,False,False,True,True,False,True,False,False,True,False,True
fullwave_abdominal_wall,fullwave_abdominal_wall_440_reg.hdf5,440,vishuman_abdwall_153_h,False,False,True,True,False,False,True,False,True,True,False,True,False
fullwave_abdominal_wall,fullwave_abdominal_wall_441_reg.hdf5,441,vishuman_abdwall_cropped_7-153s,False,False,True,True,False,False,True,False,True,True,False,True,False
fullwave_abdominal_wall,fullwave_abdominal_wall_442_reg.hdf5,442,vishuman_abdominal_cropped,False,True,False,True,False,True,False,True,False,True,False,True,False
fullwave_abdominal_wall,fullwave_abdominal_wall_443_reg.hdf5,443,vishuman_abdominal_cropped,False,True,False,True,False,True,False,True,False,True,False,True,False
fullwave_abdominal_wall,fullwave_abdominal_wall_444_reg.hdf5,444,vishuman_abdwall_cropped_7left153s,False,True,False,False,True,True,False,True,False,False,True,False,True
fullwave_abdominal_wall,fullwave_abdominal_wall_445_reg.hdf5,445,vishuman_abdwall_153_h,False,False,True,True,False,False,True,False,True,True,False,True,False
fullwave_abdominal_wall,fullwave_abdominal_wall_446_reg.hdf5,446,vishuman_abdominal_cropped,False,True,False,True,False,True,False,True,False,True,False,True,False
fullwave_abdominal_wall,fullwave_abdominal_wall_447_reg.hdf5,447,vishuman_abdominal_cropped,False,True,False,True,False,True,False,True,False,True,False,True,False
fullwave_abdominal_wall,fullwave_abdominal_wall_448_reg.hdf5,448,vishuman_abdwall_153_h,False,False,True,True,False,False,True,False,True,True,False,True,False
fullwave_abdominal_wall,fullwave_abdominal_wall_449_reg.hdf5,449,vishuman_abdwall_153_h,False,False,True,True,False,False,True,False,True,True,False,True,False
fullwave_abdominal_wall,fullwave_abdominal_wall_451_reg.hdf5,451,vishuman_abdominal_cropped,False,True,False,True,False,True,False,True,False,True,False,True,False
fullwave_abdominal_wall,fullwave_abdominal_wall_452_reg.hdf5,452,vishuman_abdominal_cropped,False,True,False,True,False,True,False,True,False,True,False,True,False
fullwave_abdominal_wall,fullwave_abdominal_wall_453_reg.hdf5,453,vishuman_abdwall_153_h,False,False,True,True,False,False,True,False,True,True,False,True,False
fullwave_abdominal_wall,fullwave_abdominal_wall_454_reg.hdf5,454,vishuman_abdominal_cropped,False,True,False,True,False,True,False,True,False,True,False,True,False
fullwave_abdominal_wall,fullwave_abdominal_wall_455_reg.hdf5,455,vishuman_abdominal_cropped,False,True,False,True,False,True,False,True,False,True,False,True,False
fullwave_abdominal_wall,fullwave_abdominal_wall_456_reg.hdf5,456,vishuman_abdwall_cropped_7-153s,False,False,True,True,False,False,True,False,True,True,False,True,False
fullwave_abdominal_wall,fullwave_abdominal_wall_459_reg.hdf5,459,vishuman_abdominal_cropped,False,True,False,True,False,True,False,True,False,True,False,True,False
fullwave_abdominal_wall,fullwave_abdominal_wall_460_reg.hdf5,460,vishuman_abdominal_cropped,False,True,False,True,False,True,False,True,False,True,False,True,False
fullwave_abdominal_wall,fullwave_abdominal_wall_461_reg.hdf5,461,vishuman_abdwall_cropped_7-153s,False,False,True,True,False,False,True,False,True,True,False,True,False
fullwave_abdominal_wall,fullwave_abdominal_wall_462_reg.hdf5,462,vishuman_abdwall_cropped_7left153s,False,True,False,False,True,True,False,True,False,False,True,False,True
fullwave_abdominal_wall,fullwave_abdominal_wall_463_reg.hdf5,463,vishuman_abdwall_153_h,False,False,True,True,False,False,True,False,True,True,False,True,False
fullwave_abdominal_wall,fullwave_abdominal_wall_464_reg.hdf5,464,vishuman_abdominal_cropped,False,True,False,True,False,True,False,True,False,True,False,True,False
fullwave_abdominal_wall,fullwave_abdominal_wall_466_reg.hdf5,466,vishuman_abdominal_cropped,False,True,False,True,False,True,False,True,False,True,False,True,False
fullwave_abdominal_wall,fullwave_abdominal_wall_469_reg.hdf5,469,vishuman_abdominal_cropped,False,True,False,True,False,True,False,True,False,True,False,True,False
fullwave_abdominal_wall,fullwave_abdominal_wall_470_reg.hdf5,470,vishuman_abdwall_cropped_7-153s,False,False,True,True,False,False,True,False,True,True,False,True,False
fullwave_abdominal_wall,fullwave_abdominal_wall_471_reg.hdf5,471,vishuman_abdominal_cropped,False,True,False,True,False,True,False,True,False,True,False,True,False
fullwave_abdominal_wall,fullwave_abdominal_wall_472_reg.hdf5,472,vishuman_abdwall_153_h,False,False,True,True,False,False,True,False,True,True,False,True,False
fullwave_abdominal_wall,fullwave_abdominal_wall_473_reg.hdf5,473,vishuman_abdwall_cropped_7left153s,False,True,False,False,True,True,False,True,False,False,True,False,True
fullwave_abdominal_wall,fullwave_abdominal_wall_474_reg.hdf5,474,vishuman_abdominal_cropped,False,True,False,True,False,True,False,True,False,True,False,True,False
fullwave_abdominal_wall,fullwave_abdominal_wall_475_reg.hdf5,475,vishuman_abdominal_cropped,False,True,False,True,False,True,False,True,False,True,False,True,False
fullwave_abdominal_wall,fullwave_abdominal_wall_476_reg.hdf5,476,vishuman_abdwall_cropped_7left153s,False,True,False,False,True,True,False,True,False,False,True,False,True
fullwave_abdominal_wall,fullwave_abdominal_wall_477_reg.hdf5,477,vishuman_abdwall_153_h,False,False,True,True,False,False,True,False,True,True,False,True,False
fullwave_abdominal_wall,fullwave_abdominal_wall_478_reg.hdf5,478,vishuman_abdwall_cropped_7-153s,False,False,True,True,False,False,True,False,True,True,False,True,False
fullwave_abdominal_wall,fullwave_abdominal_wall_479_reg.hdf5,479,vishuman_abdominal_cropped,False,True,False,True,False,True,False,True,False,True,False,True,False
fullwave_abdominal_wall,fullwave_abdominal_wall_480_reg.hdf5,480,vishuman_abdominal_cropped,False,True,False,True,False,True,False,True,False,True,False,True,False
fullwave_abdominal_wall,fullwave_abdominal_wall_481_reg.hdf5,481,vishuman_abdwall_cropped_7left153s,False,True,False,False,True,True,False,True,False,False,True,False,True
fullwave_abdominal_wall,fullwave_abdominal_wall_482_reg.hdf5,482,vishuman_abdwall_153_h,False,False,True,True,False,False,True,False,True,True,False,True,False
fullwave_abdominal_wall,fullwave_abdominal_wall_483_reg.hdf5,483,vishuman_abdominal_cropped,False,True,False,True,False,True,False,True,False,True,False,True,False
fullwave_abdominal_wall,fullwave_abdominal_wall_484_reg.hdf5,484,vishuman_abdominal_cropped,False,True,False,True,False,True,False,True,False,True,False,True,False
fullwave_abdominal_wall,fullwave_abdominal_wall_485_reg.hdf5,485,vishuman_abdwall_153_h,False,False,True,True,False,False,True,False,True,True,False,True,False
fullwave_abdominal_wall,fullwave_abdominal_wall_486_reg.hdf5,486,vishuman_abdwall_153_h,False,False,True,True,False,False,True,False,True,True,False,True,False
fullwave_abdominal_wall,fullwave_abdominal_wall_488_reg.hdf5,488,vishuman_abdominal_cropped,False,True,False,True,False,True,False,True,False,True,False,True,False
fullwave_abdominal_wall,fullwave_abdominal_wall_489_reg.hdf5,489,vishuman_abdominal_cropped,False,True,False,True,False,True,False,True,False,True,False,True,False
fullwave_abdominal_wall,fullwave_abdominal_wall_490_reg.hdf5,490,vishuman_abdwall_153_h,False,False,True,True,False,False,True,False,True,True,False,True,False
fullwave_abdominal_wall,fullwave_abdominal_wall_491_reg.hdf5,491,vishuman_abdominal_cropped,False,True,False,True,False,True,False,True,False,True,False,True,False
fullwave_abdominal_wall,fullwave_abdominal_wall_492_reg.hdf5,492,vishuman_abdominal_cropped,False,True,False,True,False,True,False,True,False,True,False,True,False
fullwave_abdominal_wall,fullwave_abdominal_wall_493_reg.hdf5,493,vishuman_abdominal_cropped,False,True,False,True,False,True,False,True,False,True,False,True,False
fullwave_abdominal_wall,fullwave_abdominal_wall_494_reg.hdf5,494,vishuman_abdwall_cropped_6left153s,False,True,False,False,True,True,False,True,False,False,True,False,True
fullwave_abdominal_wall,fullwave_abdominal_wall_495_reg.hdf5,495,vishuman_abdwall_cropped_6left153s,False,True,False,False,True,True,False,True,False,False,True,False,True
fullwave_abdominal_wall,fullwave_abdominal_wall_497_reg.hdf5,497,vishuman_abdominal_cropped,False,True,False,True,False,True,False,True,False,True,False,True,False
fullwave_abdominal_wall,fullwave_abdominal_wall_498_reg.hdf5,498,vishuman_abdwall_cropped_5left153s,False,True,False,False,True,True,False,True,False,True,False,True,False
fullwave_abdominal_wall,fullwave_abdominal_wall_499_reg.hdf5,499,vishuman_abdominal_cropped,False,True,False,True,False,True,False,True,False,True,False,True,False
fullwave_abdominal_wall,fullwave_abdominal_wall_500_reg.hdf5,500,vishuman_abdwall_cropped_5left153s,False,True,False,False,True,True,False,True,False,True,False,True,False
fullwave_abdominal_wall,fullwave_abdominal_wall_502_reg.hdf5,502,vishuman_abdominal_cropped,False,True,False,True,False,True,False,True,False,True,False,True,False
fullwave_abdominal_wall,fullwave_abdominal_wall_503_reg.hdf5,503,vishuman_abdwall_cropped_5left153s,False,True,False,False,True,True,False,True,False,True,False,True,False
fullwave_abdominal_wall,fullwave_abdominal_wall_505_reg.hdf5,505,vishuman_abdwall_153_h,False,False,True,True,False,False,True,False,True,True,False,True,False
fullwave_abdominal_wall,fullwave_abdominal_wall_506_reg.hdf5,506,vishuman_abdwall_153_h,False,False,True,True,False,False,True,False,True,True,False,True,False
fullwave_abdominal_wall,fullwave_abdominal_wall_507_reg.hdf5,507,vishuman_abdwall_153_h,False,False,True,True,False,False,True,False,True,True,False,True,False
fullwave_abdominal_wall,fullwave_abdominal_wall_508_reg.hdf5,508,vishuman_abdominal_cropped,False,True,False,True,False,True,False,True,False,True,False,True,False
fullwave_abdominal_wall,fullwave_abdominal_wall_509_reg.hdf5,509,vishuman_abdominal_cropped,False,True,False,True,False,True,False,True,False,True,False,True,False
fullwave_abdominal_wall,fullwave_abdominal_wall_510_reg.hdf5,510,vishuman_abdwall_153_h,False,False,True,True,False,False,True,False,True,True,False,True,False
fullwave_abdominal_wall,fullwave_abdominal_wall_511_reg.hdf5,511,vishuman_abdwall_cropped_5left153s,False,True,False,False,True,True,False,True,False,True,False,True,False
fullwave_abdominal_wall,fullwave_abdominal_wall_513_reg.hdf5,513,vishuman_abdwall_cropped_5left153s,False,True,False,False,True,True,False,True,False,True,False,True,False
fullwave_abdominal_wall,fullwave_abdominal_wall_514_reg.hdf5,514,vishuman_abdominal_cropped,False,True,False,True,False,True,False,True,False,True,False,True,False
fullwave_abdominal_wall,fullwave_abdominal_wall_515_reg.hdf5,515,vishuman_abdominal_cropped,False,True,False,True,False,True,False,True,False,True,False,True,False
fullwave_abdominal_wall,fullwave_abdominal_wall_516_reg.hdf5,516,vishuman_abdwall_cropped_7-153s,False,False,True,True,False,False,True,False,True,True,False,True,False
fullwave_abdominal_wall,fullwave_abdominal_wall_519_reg.hdf5,519,vishuman_abdwall_153_h,False,False,True,True,False,False,True,False,True,True,False,True,False
fullwave_abdominal_wall,fullwave_abdominal_wall_521_reg.hdf5,521,vishuman_abdwall_cropped_7left153s,False,True,False,False,True,True,False,True,False,False,True,False,True
fullwave_abdominal_wall,fullwave_abdominal_wall_526_reg.hdf5,526,vishuman_abdwall_cropped_7-153s,False,False,True,True,False,False,True,False,True,True,False,True,False
fullwave_abdominal_wall,fullwave_abdominal_wall_529_reg.hdf5,529,vishuman_abdominal_cropped,False,True,False,True,False,True,False,True,False,True,False,True,False
fullwave_abdominal_wall,fullwave_abdominal_wall_530_reg.hdf5,530,vishuman_abdominal_cropped,False,True,False,True,False,True,False,True,False,True,False,True,False
fullwave_abdominal_wall,fullwave_abdominal_wall_531_reg.hdf5,531,vishuman_abdwall_cropped_7-153s,False,False,True,True,False,False,True,False,True,True,False,True,False
fullwave_abdominal_wall,fullwave_abdominal_wall_532_reg.hdf5,532,vishuman_abdwall_cropped_7left153s,False,True,False,False,True,True,False,True,False,False,True,False,True
fullwave_abdominal_wall,fullwave_abdominal_wall_533_reg.hdf5,533,vishuman_abdwall_153_h,False,False,True,True,False,False,True,False,True,True,False,True,False
fullwave_abdominal_wall,fullwave_abdominal_wall_534_reg.hdf5,534,vishuman_abdominal_cropped,False,True,False,True,False,True,False,True,False,True,False,True,False
fullwave_abdominal_wall,fullwave_abdominal_wall_535_reg.hdf5,535,vishuman_abdominal_cropped,False,True,False,True,False,True,False,True,False,True,False,True,False
fullwave_abdominal_wall,fullwave_abdominal_wall_536_reg.hdf5,536,vishuman_abdominal_cropped,False,True,False,True,False,True,False,True,False,True,False,True,False
fullwave_abdominal_wall,fullwave_abdominal_wall_537_reg.hdf5,537,vishuman_abdominal_cropped,False,True,False,True,False,True,False,True,False,True,False,True,False
fullwave_abdominal_wall,fullwave_abdominal_wall_538_reg.hdf5,538,vishuman_abdwall_cropped_6left153s,False,True,False,False,True,True,False,True,False,False,True,False,True
fullwave_abdominal_wall,fullwave_abdominal_wall_539_reg.hdf5,539,vishuman_abdominal_cropped,False,True,False,True,False,True,False,True,False,True,False,True,False
fullwave_abdominal_wall,fullwave_abdominal_wall_540_reg.hdf5,540,vishuman_abdwall_cropped_7-153s,False,False,True,True,False,False,True,False,True,True,False,True,False
fullwave_abdominal_wall,fullwave_abdominal_wall_541_reg.hdf5,541,vishuman_abdominal_cropped,False,True,False,True,False,True,False,True,False,True,False,True,False
fullwave_abdominal_wall,fullwave_abdominal_wall_542_reg.hdf5,542,vishuman_abdwall_153_h,False,False,True,True,False,False,True,False,True,True,False,True,False
fullwave_abdominal_wall,fullwave_abdominal_wall_543_reg.hdf5,543,vishuman_abdwall_cropped_7left153s,False,True,False,False,True,True,False,True,False,False,True,False,True
fullwave_abdominal_wall,fullwave_abdominal_wall_544_reg.hdf5,544,vishuman_abdominal_cropped,False,True,False,True,False,True,False,True,False,True,False,True,False
fullwave_abdominal_wall,fullwave_abdominal_wall_545_reg.hdf5,545,vishuman_abdominal_cropped,False,True,False,True,False,True,False,True,False,True,False,True,False
fullwave_abdominal_wall,fullwave_abdominal_wall_546_reg.hdf5,546,vishuman_abdwall_cropped_7left153s,False,True,False,False,True,True,False,True,False,False,True,False,True
fullwave_abdominal_wall,fullwave_abdominal_wall_547_reg.hdf5,547,vishuman_abdwall_153_h,False,False,True,True,False,False,True,False,True,True,False,True,False
fullwave_abdominal_wall,fullwave_abdominal_wall_548_reg.hdf5,548,vishuman_abdwall_cropped_7-153s,False,False,True,True,False,False,True,False,True,True,False,True,False
fullwave_abdominal_wall,fullwave_abdominal_wall_550_reg.hdf5,550,vishuman_abdominal_cropped,False,True,False,True,False,True,False,True,False,True,False,True,False
fullwave_abdominal_wall,fullwave_abdominal_wall_551_reg.hdf5,551,vishuman_abdwall_cropped_7left153s,False,True,False,False,True,True,False,True,False,False,True,False,True
fullwave_abdominal_wall,fullwave_abdominal_wall_552_reg.hdf5,552,vishuman_abdwall_153_h,False,False,True,True,False,False,True,False,True,True,False,True,False
fullwave_abdominal_wall,fullwave_abdominal_wall_553_reg.hdf5,553,vishuman_abdominal_cropped,False,True,False,True,False,True,False,True,False,True,False,True,False
fullwave_abdominal_wall,fullwave_abdominal_wall_554_reg.hdf5,554,vishuman_abdominal_cropped,False,True,False,True,False,True,False,True,False,True,False,True,False
fullwave_abdominal_wall,fullwave_abdominal_wall_556_reg.hdf5,556,vishuman_abdwall_153_h,False,False,True,True,False,False,True,False,True,True,False,True,False
fullwave_abdominal_wall,fullwave_abdominal_wall_558_reg.hdf5,558,vishuman_abdominal_cropped,False,True,False,True,False,True,False,True,False,True,False,True,False
fullwave_abdominal_wall,fullwave_abdominal_wall_559_reg.hdf5,559,vishuman_abdominal_cropped,False,True,False,True,False,True,False,True,False,True,False,True,False
fullwave_abdominal_wall,fullwave_abdominal_wall_560_reg.hdf5,560,vishuman_abdwall_153_h,False,False,True,True,False,False,True,False,True,True,False,True,False
fullwave_abdominal_wall,fullwave_abdominal_wall_561_reg.hdf5,561,vishuman_abdwall_cropped_7-153s,False,False,True,True,False,False,True,False,True,True,False,True,False
fullwave_abdominal_wall,fullwave_abdominal_wall_564_reg.hdf5,564,vishuman_abdominal_cropped,False,True,False,True,False,True,False,True,False,True,False,True,False
fullwave_abdominal_wall,fullwave_abdominal_wall_565_reg.hdf5,565,vishuman_abdominal_cropped,False,True,False,True,False,True,False,True,False,True,False,True,False
fullwave_abdominal_wall,fullwave_abdominal_wall_566_reg.hdf5,566,vishuman_abdwall_cropped_7-153s,False,False,True,True,False,False,True,False,True,True,False,True,False
fullwave_abdominal_wall,fullwave_abdominal_wall_567_reg.hdf5,567,vishuman_abdwall_cropped_7left153s,False,True,False,False,True,True,False,True,False,False,True,False,True
fullwave_abdominal_wall,fullwave_abdominal_wall_568_reg.hdf5,568,vishuman_abdwall_153_h,False,False,True,True,False,False,True,False,True,True,False,True,False
fullwave_abdominal_wall,fullwave_abdominal_wall_569_reg.hdf5,569,vishuman_abdominal_cropped,False,True,False,True,False,True,False,True,False,True,False,True,False
fullwave_abdominal_wall,fullwave_abdominal_wall_570_reg.hdf5,570,vishuman_abdominal_cropped,False,True,False,True,False,True,False,True,False,True,False,True,False
fullwave_abdominal_wall,fullwave_abdominal_wall_571_reg.hdf5,571,vishuman_abdominal_cropped,False,True,False,True,False,True,False,True,False,True,False,True,False
fullwave_abdominal_wall,fullwave_abdominal_wall_572_reg.hdf5,572,vishuman_abdominal_cropped,False,True,False,True,False,True,False,True,False,True,False,True,False
fullwave_abdominal_wall,fullwave_abdominal_wall_573_reg.hdf5,573,vishuman_abdwall_cropped_6left153s,False,True,False,False,True,True,False,True,False,False,True,False,True
fullwave_abdominal_wall,fullwave_abdominal_wall_574_reg.hdf5,574,vishuman_abdominal_cropped,False,True,False,True,False,True,False,True,False,True,False,True,False
fullwave_abdominal_wall,fullwave_abdominal_wall_575_reg.hdf5,575,vishuman_abdwall_cropped_7-153s,False,False,True,True,False,False,True,False,True,True,False,True,False
fullwave_abdominal_wall,fullwave_abdominal_wall_576_reg.hdf5,576,vishuman_abdominal_cropped,False,True,False,True,False,True,False,True,False,True,False,True,False
fullwave_abdominal_wall,fullwave_abdominal_wall_577_reg.hdf5,577,vishuman_abdwall_153_h,False,False,True,True,False,False,True,False,True,True,False,True,False
fullwave_abdominal_wall,fullwave_abdominal_wall_578_reg.hdf5,578,vishuman_abdwall_cropped_7left153s,False,True,False,False,True,True,False,True,False,False,True,False,True
fullwave_abdominal_wall,fullwave_abdominal_wall_579_reg.hdf5,579,vishuman_abdominal_cropped,False,True,False,True,False,True,False,True,False,True,False,True,False
fullwave_abdominal_wall,fullwave_abdominal_wall_580_reg.hdf5,580,vishuman_abdominal_cropped,False,True,False,True,False,True,False,True,False,True,False,True,False
fullwave_abdominal_wall,fullwave_abdominal_wall_581_reg.hdf5,581,vishuman_abdwall_cropped_7left153s,False,True,False,False,True,True,False,True,False,False,True,False,True
fullwave_abdominal_wall,fullwave_abdominal_wall_582_reg.hdf5,582,vishuman_abdwall_153_h,False,False,True,True,False,False,True,False,True,True,False,True,False
fullwave_abdominal_wall,fullwave_abdominal_wall_583_reg.hdf5,583,vishuman_abdwall_cropped_7-153s,False,False,True,True,False,False,True,False,True,True,False,True,False
fullwave_abdominal_wall,fullwave_abdominal_wall_586_reg.hdf5,586,vishuman_abdwall_cropped_7left153s,False,True,False,False,True,True,False,True,False,False,True,False,True
fullwave_abdominal_wall,fullwave_abdominal_wall_589_reg.hdf5,589,vishuman_abdominal_cropped,False,True,False,True,False,True,False,True,False,True,False,True,False
fullwave_abdominal_wall,fullwave_abdominal_wall_591_reg.hdf5,591,vishuman_abdwall_153_h,False,False,True,True,False,False,True,False,True,True,False,True,False
fullwave_abdominal_wall,fullwave_abdominal_wall_593_reg.hdf5,593,vishuman_abdominal_cropped,False,True,False,True,False,True,False,True,False,True,False,True,False
fullwave_abdominal_wall,fullwave_abdominal_wall_594_reg.hdf5,594,vishuman_abdominal_cropped,False,True,False,True,False,True,False,True,False,True,False,True,False
fullwave_abdominal_wall,fullwave_abdominal_wall_595_reg.hdf5,595,vishuman_abdwall_153_h,False,False,True,True,False,False,True,False,True,True,False,True,False
fullwave_abdominal_wall,fullwave_abdominal_wall_596_reg.hdf5,596,vishuman_abdominal_cropped,False,True,False,True,False,True,False,True,False,True,False,True,False
fullwave_abdominal_wall,fullwave_abdominal_wall_597_reg.hdf5,597,vishuman_abdominal_cropped,False,True,False,True,False,True,False,True,False,True,False,True,False
fullwave_abdominal_wall,fullwave_abdominal_wall_598_reg.hdf5,598,vishuman_abdominal_cropped,False,True,False,True,False,True,False,True,False,True,False,True,False
fullwave_abdominal_wall,fullwave_abdominal_wall_599_reg.hdf5,599,vishuman_abdwall_cropped_6left153s,False,True,False,False,True,True,False,True,False,False,True,False,True
fullwave_abdominal_wall,fullwave_abdominal_wall_600_reg.hdf5,600,vishuman_abdwall_cropped_6left153s,False,True,False,False,True,True,False,True,False,False,True,False,True
fullwave_abdominal_wall,fullwave_abdominal_wall_602_reg.hdf5,602,vishuman_abdominal_cropped,False,True,False,True,False,True,False,True,False,True,False,True,False
fullwave_abdominal_wall,fullwave_abdominal_wall_603_reg.hdf5,603,vishuman_abdwall_cropped_5left153s,False,True,False,False,True,True,False,True,False,True,False,True,False
fullwave_abdominal_wall,fullwave_abdominal_wall_604_reg.hdf5,604,vishuman_abdominal_cropped,False,True,False,True,False,True,False,True,False,True,False,True,False
fullwave_abdominal_wall,fullwave_abdominal_wall_605_reg.hdf5,605,vishuman_abdwall_cropped_5left153s,False,True,False,False,True,True,False,True,False,True,False,True,False
fullwave_abdominal_wall,fullwave_abdominal_wall_606_reg.hdf5,606,vishuman_abdwall_cropped_7left153s,False,True,False,False,True,True,False,True,False,False,True,False,True
fullwave_abdominal_wall,fullwave_abdominal_wall_607_reg.hdf5,607,vishuman_abdominal_cropped,False,True,False,True,False,True,False,True,False,True,False,True,False
fullwave_abdominal_wall,fullwave_abdominal_wall_608_reg.hdf5,608,vishuman_abdwall_cropped_5left153s,False,True,False,False,True,True,False,True,False,True,False,True,False
fullwave_abdominal_wall,fullwave_abdominal_wall_610_reg.hdf5,610,vishuman_abdwall_153_h,False,False,True,True,False,False,True,False,True,True,False,True,False
fullwave_abdominal_wall,fullwave_abdominal_wall_611_reg.hdf5,611,vishuman_abdwall_153_h,False,False,True,True,False,False,True,False,True,True,False,True,False
fullwave_abdominal_wall,fullwave_abdominal_wall_613_reg.hdf5,613,vishuman_abdwall_cropped_5left153s,False,True,False,False,True,True,False,True,False,True,False,True,False
fullwave_abdominal_wall,fullwave_abdominal_wall_615_reg.hdf5,615,vishuman_abdominal_cropped,False,True,False,True,False,True,False,True,False,True,False,True,False
fullwave_abdominal_wall,fullwave_abdominal_wall_616_reg.hdf5,616,vishuman_abdwall_cropped_6left153s,False,True,False,False,True,True,False,True,False,False,True,False,True
fullwave_abdominal_wall,fullwave_abdominal_wall_618_reg.hdf5,618,vishuman_abdwall_cropped_7left153s,False,True,False,False,True,True,False,True,False,False,True,False,True
fullwave_abdominal_wall,fullwave_abdominal_wall_619_reg.hdf5,619,vishuman_abdominal_cropped,False,True,False,True,False,True,False,True,False,True,False,True,False
fullwave_abdominal_wall,fullwave_abdominal_wall_620_reg.hdf5,620,vishuman_abdominal_cropped,False,True,False,True,False,True,False,True,False,True,False,True,False
fullwave_abdominal_wall,fullwave_abdominal_wall_621_reg.hdf5,621,vishuman_abdominal_cropped,False,True,False,True,False,True,False,True,False,True,False,True,False
fullwave_abdominal_wall,fullwave_abdominal_wall_622_reg.hdf5,622,vishuman_abdominal_cropped,False,True,False,True,False,True,False,True,False,True,False,True,False
fullwave_abdominal_wall,fullwave_abdominal_wall_623_reg.hdf5,623,vishuman_abdwall_cropped_7left153s,False,True,False,False,True,True,False,True,False,False,True,False,True
fullwave_abdominal_wall,fullwave_abdominal_wall_624_reg.hdf5,624,vishuman_abdwall_153_h,False,False,True,True,False,False,True,False,True,True,False,True,False
fullwave_abdominal_wall,fullwave_abdominal_wall_625_reg.hdf5,625,vishuman_abdwall_153_h,False,False,True,True,False,False,True,False,True,True,False,True,False
fullwave_abdominal_wall,fullwave_abdominal_wall_626_reg.hdf5,626,vishuman_abdominal_cropped,False,True,False,True,False,True,False,True,False,True,False,True,False
fullwave_abdominal_wall,fullwave_abdominal_wall_627_reg.hdf5,627,vishuman_abdominal_cropped,False,True,False,True,False,True,False,True,False,True,False,True,False
fullwave_abdominal_wall,fullwave_abdominal_wall_628_reg.hdf5,628,vishuman_abdwall_153_h,False,False,True,True,False,False,True,False,True,True,False,True,False
fullwave_abdominal_wall,fullwave_abdominal_wall_629_reg.hdf5,629,vishuman_abdwall_cropped_7left153s,False,True,False,False,True,True,False,True,False,False,True,False,True
fullwave_abdominal_wall,fullwave_abdominal_wall_630_reg.hdf5,630,vishuman_abdwall_153_h,False,False,True,True,False,False,True,False,True,True,False,True,False
fullwave_abdominal_wall,fullwave_abdominal_wall_632_reg.hdf5,632,vishuman_abdwall_153_h,False,False,True,True,False,False,True,False,True,True,False,True,False
fullwave_abdominal_wall,fullwave_abdominal_wall_633_reg.hdf5,633,vishuman_abdwall_153_h,False,False,True,True,False,False,True,False,True,True,False,True,False
fullwave_abdominal_wall,fullwave_abdominal_wall_634_reg.hdf5,634,vishuman_abdominal_cropped,False,True,False,True,False,True,False,True,False,True,False,True,False
fullwave_abdominal_wall,fullwave_abdominal_wall_635_reg.hdf5,635,vishuman_abdwall_153_h,False,False,True,True,False,False,True,False,True,True,False,True,False
fullwave_abdominal_wall,fullwave_abdominal_wall_637_reg.hdf5,637,vishuman_abdominal_cropped,False,True,False,True,False,True,False,True,False,True,False,True,False
fullwave_abdominal_wall,fullwave_abdominal_wall_638_reg.hdf5,638,vishuman_abdwall_cropped_7-153s,False,False,True,True,False,False,True,False,True,True,False,True,False
fullwave_abdominal_wall,fullwave_abdominal_wall_639_reg.hdf5,639,vishuman_abdwall_cropped_6left153s,False,True,False,False,True,True,False,True,False,False,True,False,True
fullwave_abdominal_wall,fullwave_abdominal_wall_640_reg.hdf5,640,vishuman_abdwall_cropped_5left153s,False,True,False,False,True,True,False,True,False,True,False,True,False
fullwave_abdominal_wall,fullwave_abdominal_wall_641_reg.hdf5,641,vishuman_abdwall_cropped_7-153s,False,False,True,True,False,False,True,False,True,True,False,True,False
fullwave_abdominal_wall,fullwave_abdominal_wall_642_reg.hdf5,642,vishuman_abdwall_cropped_5left153s,False,True,False,False,True,True,False,True,False,True,False,True,False
fullwave_abdominal_wall,fullwave_abdominal_wall_644_reg.hdf5,644,vishuman_abdominal_cropped,False,True,False,True,False,True,False,True,False,True,False,True,False
fullwave_abdominal_wall,fullwave_abdominal_wall_645_reg.hdf5,645,vishuman_abdominal_cropped,False,True,False,True,False,True,False,True,False,True,False,True,False
fullwave_abdominal_wall,fullwave_abdominal_wall_646_reg.hdf5,646,vishuman_abdwall_cropped_7-153s,False,False,True,True,False,False,True,False,True,True,False,True,False
fullwave_abdominal_wall,fullwave_abdominal_wall_647_reg.hdf5,647,vishuman_abdominal_cropped,False,True,False,True,False,True,False,True,False,True,False,True,False
fullwave_abdominal_wall,fullwave_abdominal_wall_648_reg.hdf5,648,vishuman_abdominal_cropped,False,True,False,True,False,True,False,True,False,True,False,True,False
fullwave_abdominal_wall,fullwave_abdominal_wall_649_reg.hdf5,649,vishuman_abdominal_cropped,False,True,False,True,False,True,False,True,False,True,False,True,False
fullwave_abdominal_wall,fullwave_abdominal_wall_652_reg.hdf5,652,vishuman_abdwall_cropped_7-153s,False,False,True,True,False,False,True,False,True,True,False,True,False
fullwave_abdominal_wall,fullwave_abdominal_wall_653_reg.hdf5,653,vishuman_abdwall_cropped_7left153s,False,True,False,False,True,True,False,True,False,False,True,False,True
fullwave_abdominal_wall,fullwave_abdominal_wall_654_reg.hdf5,654,vishuman_abdominal_cropped,False,True,False,True,False,True,False,True,False,True,False,True,False
fullwave_abdominal_wall,fullwave_abdominal_wall_655_reg.hdf5,655,vishuman_abdwall_153_h,False,False,True,True,False,False,True,False,True,True,False,True,False
fullwave_abdominal_wall,fullwave_abdominal_wall_656_reg.hdf5,656,vishuman_abdominal_cropped,False,True,False,True,False,True,False,True,False,True,False,True,False
fullwave_abdominal_wall,fullwave_abdominal_wall_657_reg.hdf5,657,vishuman_abdwall_153_h,False,False,True,True,False,False,True,False,True,True,False,True,False
fullwave_abdominal_wall,fullwave_abdominal_wall_658_reg.hdf5,658,vishuman_abdominal_cropped,False,True,False,True,False,True,False,True,False,True,False,True,False
fullwave_abdominal_wall,fullwave_abdominal_wall_659_reg.hdf5,659,vishuman_abdominal_cropped,False,True,False,True,False,True,False,True,False,True,False,True,False
fullwave_abdominal_wall,fullwave_abdominal_wall_660_reg.hdf5,660,vishuman_abdwall_153_h,False,False,True,True,False,False,True,False,True,True,False,True,False
fullwave_abdominal_wall,fullwave_abdominal_wall_661_reg.hdf5,661,vishuman_abdominal_cropped,False,True,False,True,False,True,False,True,False,True,False,True,False
fullwave_abdominal_wall,fullwave_abdominal_wall_662_reg.hdf5,662,vishuman_abdwall_153_h,False,False,True,True,False,False,True,False,True,True,False,True,False
fullwave_abdominal_wall,fullwave_abdominal_wall_663_reg.hdf5,663,vishuman_abdwall_cropped_5left153s,False,True,False,False,True,True,False,True,False,True,False,True,False
fullwave_abdominal_wall,fullwave_abdominal_wall_664_reg.hdf5,664,vishuman_abdwall_cropped_5left153s,False,True,False,False,True,True,False,True,False,True,False,True,False
fullwave_abdominal_wall,fullwave_abdominal_wall_665_reg.hdf5,665,vishuman_abdominal_cropped,False,True,False,True,False,True,False,True,False,True,False,True,False
fullwave_abdominal_wall,fullwave_abdominal_wall_666_reg.hdf5,666,vishuman_abdominal_cropped,False,True,False,True,False,True,False,True,False,True,False,True,False
fullwave_abdominal_wall,fullwave_abdominal_wall_667_reg.hdf5,667,vishuman_abdwall_cropped_7-153s,False,False,True,True,False,False,True,False,True,True,False,True,False
fullwave_abdominal_wall,fullwave_abdominal_wall_668_reg.hdf5,668,vishuman_abdominal_cropped,False,True,False,True,False,True,False,True,False,True,False,True,False
fullwave_abdominal_wall,fullwave_abdominal_wall_670_reg.hdf5,670,vishuman_abdwall_cropped_7left153s,False,True,False,False,True,True,False,True,False,False,True,False,True
fullwave_abdominal_wall,fullwave_abdominal_wall_672_reg.hdf5,672,vishuman_abdwall_cropped_5left153s,False,True,False,False,True,True,False,True,False,True,False,True,False
fullwave_abdominal_wall,fullwave_abdominal_wall_673_reg.hdf5,673,vishuman_abdominal_cropped,False,True,False,True,False,True,False,True,False,True,False,True,False
fullwave_abdominal_wall,fullwave_abdominal_wall_674_reg.hdf5,674,vishuman_abdominal_cropped,False,True,False,True,False,True,False,True,False,True,False,True,False
fullwave_abdominal_wall,fullwave_abdominal_wall_676_reg.hdf5,676,vishuman_abdominal_cropped,False,True,False,True,False,True,False,True,False,True,False,True,False
fullwave_abdominal_wall,fullwave_abdominal_wall_677_reg.hdf5,677,vishuman_abdwall_cropped_5left153s,False,True,False,False,True,True,False,True,False,True,False,True,False
fullwave_abdominal_wall,fullwave_abdominal_wall_678_reg.hdf5,678,vishuman_abdominal_cropped,False,True,False,True,False,True,False,True,False,True,False,True,False
fullwave_abdominal_wall,fullwave_abdominal_wall_679_reg.hdf5,679,vishuman_abdominal_cropped,False,True,False,True,False,True,False,True,False,True,False,True,False
fullwave_abdominal_wall,fullwave_abdominal_wall_681_reg.hdf5,681,vishuman_abdwall_153_h,False,False,True,True,False,False,True,False,True,True,False,True,False
fullwave_abdominal_wall,fullwave_abdominal_wall_682_reg.hdf5,682,vishuman_abdominal_cropped,False,True,False,True,False,True,False,True,False,True,False,True,False
fullwave_abdominal_wall,fullwave_abdominal_wall_685_reg.hdf5,685,vishuman_abdwall_153_h,False,False,True,True,False,False,True,False,True,True,False,True,False
fullwave_abdominal_wall,fullwave_abdominal_wall_686_reg.hdf5,686,vishuman_abdominal_cropped,False,True,False,True,False,True,False,True,False,True,False,True,False
fullwave_abdominal_wall,fullwave_abdominal_wall_687_reg.hdf5,687,vishuman_abdwall_cropped_7left153s,False,True,False,False,True,True,False,True,False,False,True,False,True
fullwave_abdominal_wall,fullwave_abdominal_wall_688_reg.hdf5,688,vishuman_abdominal_cropped,False,True,False,True,False,True,False,True,False,True,False,True,False
fullwave_abdominal_wall,fullwave_abdominal_wall_689_reg.hdf5,689,vishuman_abdwall_153_h,False,False,True,True,False,False,True,False,True,True,False,True,False
fullwave_abdominal_wall,fullwave_abdominal_wall_690_reg.hdf5,690,vishuman_abdwall_153_h,False,False,True,True,False,False,True,False,True,True,False,True,False
fullwave_abdominal_wall,fullwave_abdominal_wall_691_reg.hdf5,691,vishuman_abdwall_153_h,False,False,True,True,False,False,True,False,True,True,False,True,False
fullwave_abdominal_wall,fullwave_abdominal_wall_692_reg.hdf5,692,vishuman_abdominal_cropped,False,True,False,True,False,True,False,True,False,True,False,True,False
fullwave_abdominal_wall,fullwave_abdominal_wall_693_reg.hdf5,693,vishuman_abdominal_cropped,False,True,False,True,False,True,False,True,False,True,False,True,False
fullwave_abdominal_wall,fullwave_abdominal_wall_694_reg.hdf5,694,vishuman_abdominal_cropped,False,True,False,True,False,True,False,True,False,True,False,True,False
fullwave_abdominal_wall,fullwave_abdominal_wall_695_reg.hdf5,695,vishuman_abdwall_cropped_7-153s,False,False,True,True,False,False,True,False,True,True,False,True,False
fullwave_abdominal_wall,fullwave_abdominal_wall_696_reg.hdf5,696,vishuman_abdominal_cropped,False,True,False,True,False,True,False,True,False,True,False,True,False
fullwave_abdominal_wall,fullwave_abdominal_wall_697_reg.hdf5,697,vishuman_abdwall_cropped_7-153s,False,False,True,True,False,False,True,False,True,True,False,True,False
fullwave_abdominal_wall,fullwave_abdominal_wall_698_reg.hdf5,698,vishuman_abdominal_cropped,False,True,False,True,False,True,False,True,False,True,False,True,False
fullwave_abdominal_wall,fullwave_abdominal_wall_699_reg.hdf5,699,vishuman_abdwall_153_h,False,False,True,True,False,False,True,False,True,True,False,True,False
fullwave_abdominal_wall,fullwave_abdominal_wall_700_reg.hdf5,700,vishuman_abdwall_153_h,False,False,True,True,False,False,True,False,True,True,False,True,False
fullwave_abdominal_wall,fullwave_abdominal_wall_701_reg.hdf5,701,vishuman_abdwall_cropped_7-153s,False,False,True,True,False,False,True,False,True,True,False,True,False
fullwave_abdominal_wall,fullwave_abdominal_wall_703_reg.hdf5,703,vishuman_abdwall_cropped_7-153s,False,False,True,True,False,False,True,False,True,True,False,True,False
fullwave_abdominal_wall,fullwave_abdominal_wall_704_reg.hdf5,704,vishuman_abdominal_cropped,False,True,False,True,False,True,False,True,False,True,False,True,False
fullwave_abdominal_wall,fullwave_abdominal_wall_705_reg.hdf5,705,vishuman_abdominal_cropped,False,True,False,True,False,True,False,True,False,True,False,True,False
fullwave_abdominal_wall,fullwave_abdominal_wall_706_reg.hdf5,706,vishuman_abdwall_cropped_7left153s,False,True,False,False,True,True,False,True,False,False,True,False,True
fullwave_abdominal_wall,fullwave_abdominal_wall_707_reg.hdf5,707,vishuman_abdwall_153_h,False,False,True,True,False,False,True,False,True,True,False,True,False
fullwave_abdominal_wall,fullwave_abdominal_wall_708_reg.hdf5,708,vishuman_abdominal_cropped,False,True,False,True,False,True,False,True,False,True,False,True,False
fullwave_abdominal_wall,fullwave_abdominal_wall_709_reg.hdf5,709,vishuman_abdwall_cropped_7-153s,False,False,True,True,False,False,True,False,True,True,False,True,False
fullwave_abdominal_wall,fullwave_abdominal_wall_710_reg.hdf5,710,vishuman_abdominal_cropped,False,True,False,True,False,True,False,True,False,True,False,True,False
fullwave_abdominal_wall,fullwave_abdominal_wall_711_reg.hdf5,711,vishuman_abdwall_cropped_7-153s,False,False,True,True,False,False,True,False,True,True,False,True,False
fullwave_abdominal_wall,fullwave_abdominal_wall_713_reg.hdf5,713,vishuman_abdominal_cropped,False,True,False,True,False,True,False,True,False,True,False,True,False
fullwave_abdominal_wall,fullwave_abdominal_wall_714_reg.hdf5,714,vishuman_abdwall_153_h,False,False,True,True,False,False,True,False,True,True,False,True,False
fullwave_abdominal_wall,fullwave_abdominal_wall_715_reg.hdf5,715,vishuman_abdwall_cropped_5left153s,False,True,False,False,True,True,False,True,False,True,False,True,False
fullwave_abdominal_wall,fullwave_abdominal_wall_717_reg.hdf5,717,vishuman_abdwall_153_h,False,False,True,True,False,False,True,False,True,True,False,True,False
fullwave_abdominal_wall,fullwave_abdominal_wall_720_reg.hdf5,720,vishuman_abdominal_cropped,False,True,False,True,False,True,False,True,False,True,False,True,False
fullwave_abdominal_wall,fullwave_abdominal_wall_721_reg.hdf5,721,vishuman_abdwall_153_h,False,False,True,True,False,False,True,False,True,True,False,True,False
fullwave_abdominal_wall,fullwave_abdominal_wall_722_reg.hdf5,722,vishuman_abdominal_cropped,False,True,False,True,False,True,False,True,False,True,False,True,False
fullwave_abdominal_wall,fullwave_abdominal_wall_724_reg.hdf5,724,vishuman_abdwall_153_h,False,False,True,True,False,False,True,False,True,True,False,True,False
fullwave_abdominal_wall,fullwave_abdominal_wall_725_reg.hdf5,725,vishuman_abdwall_153_h,False,False,True,True,False,False,True,False,True,True,False,True,False
fullwave_abdominal_wall,fullwave_abdominal_wall_726_reg.hdf5,726,vishuman_abdwall_cropped_7left153s,False,True,False,False,True,True,False,True,False,False,True,False,True
fullwave_abdominal_wall,fullwave_abdominal_wall_727_reg.hdf5,727,vishuman_abdwall_153_h,False,False,True,True,False,False,True,False,True,True,False,True,False
fullwave_abdominal_wall,fullwave_abdominal_wall_728_reg.hdf5,728,vishuman_abdwall_153_h,False,False,True,True,False,False,True,False,True,True,False,True,False
fullwave_abdominal_wall,fullwave_abdominal_wall_729_reg.hdf5,729,vishuman_abdwall_cropped_5left153s,False,True,False,False,True,True,False,True,False,True,False,True,False
fullwave_abdominal_wall,fullwave_abdominal_wall_730_reg.hdf5,730,vishuman_abdominal_cropped,False,True,False,True,False,True,False,True,False,True,False,True,False
fullwave_abdominal_wall,fullwave_abdominal_wall_731_reg.hdf5,731,vishuman_abdwall_153_h,False,False,True,True,False,False,True,False,True,True,False,True,False
fullwave_abdominal_wall,fullwave_abdominal_wall_732_reg.hdf5,732,vishuman_abdwall_153_h,False,False,True,True,False,False,True,False,True,True,False,True,False
fullwave_abdominal_wall,fullwave_abdominal_wall_734_reg.hdf5,734,vishuman_abdominal_cropped,False,True,False,True,False,True,False,True,False,True,False,True,False
fullwave_abdominal_wall,fullwave_abdominal_wall_735_reg.hdf5,735,vishuman_abdwall_cropped_6left153s,False,True,False,False,True,True,False,True,False,False,True,False,True
fullwave_abdominal_wall,fullwave_abdominal_wall_736_reg.hdf5,736,vishuman_abdwall_cropped_7left153s,False,True,False,False,True,True,False,True,False,False,True,False,True
fullwave_abdominal_wall,fullwave_abdominal_wall_738_reg.hdf5,738,vishuman_abdominal_cropped,False,True,False,True,False,True,False,True,False,True,False,True,False
fullwave_abdominal_wall,fullwave_abdominal_wall_739_reg.hdf5,739,vishuman_abdominal_cropped,False,True,False,True,False,True,False,True,False,True,False,True,False
fullwave_abdominal_wall,fullwave_abdominal_wall_740_reg.hdf5,740,vishuman_abdwall_cropped_7left153s,False,True,False,False,True,True,False,True,False,False,True,False,True
fullwave_abdominal_wall,fullwave_abdominal_wall_741_reg.hdf5,741,vishuman_abdwall_cropped_7-153s,False,False,True,True,False,False,True,False,True,True,False,True,False
fullwave_abdominal_wall,fullwave_abdominal_wall_742_reg.hdf5,742,vishuman_abdwall_cropped_7left153s,False,True,False,False,True,True,False,True,False,False,True,False,True
fullwave_abdominal_wall,fullwave_abdominal_wall_744_reg.hdf5,744,vishuman_abdwall_cropped_7left153s,False,True,False,False,True,True,False,True,False,False,True,False,True
fullwave_abdominal_wall,fullwave_abdominal_wall_745_reg.hdf5,745,vishuman_abdominal_cropped,False,True,False,True,False,True,False,True,False,True,False,True,False
fullwave_abdominal_wall,fullwave_abdominal_wall_746_reg.hdf5,746,vishuman_abdominal_cropped,False,True,False,True,False,True,False,True,False,True,False,True,False
fullwave_abdominal_wall,fullwave_abdominal_wall_747_reg.hdf5,747,vishuman_abdominal_cropped,False,True,False,True,False,True,False,True,False,True,False,True,False
fullwave_abdominal_wall,fullwave_abdominal_wall_748_reg.hdf5,748,vishuman_abdominal_cropped,False,True,False,True,False,True,False,True,False,True,False,True,False
fullwave_abdominal_wall,fullwave_abdominal_wall_749_reg.hdf5,749,vishuman_abdwall_cropped_6left153s,False,True,False,False,True,True,False,True,False,False,True,False,True
fullwave_abdominal_wall,fullwave_abdominal_wall_750_reg.hdf5,750,vishuman_abdwall_cropped_7-153s,False,False,True,True,False,False,True,False,True,True,False,True,False
fullwave_abdominal_wall,fullwave_abdominal_wall_751_reg.hdf5,751,vishuman_abdwall_cropped_7-153s,False,False,True,True,False,False,True,False,True,True,False,True,False
fullwave_abdominal_wall,fullwave_abdominal_wall_753_reg.hdf5,753,vishuman_abdwall_cropped_7-153s,False,False,True,True,False,False,True,False,True,True,False,True,False
fullwave_abdominal_wall,fullwave_abdominal_wall_754_reg.hdf5,754,vishuman_abdominal_cropped,False,True,False,True,False,True,False,True,False,True,False,True,False
fullwave_abdominal_wall,fullwave_abdominal_wall_755_reg.hdf5,755,vishuman_abdominal_cropped,False,True,False,True,False,True,False,True,False,True,False,True,False
fullwave_abdominal_wall,fullwave_abdominal_wall_756_reg.hdf5,756,vishuman_abdwall_cropped_7left153s,False,True,False,False,True,True,False,True,False,False,True,False,True
fullwave_abdominal_wall,fullwave_abdominal_wall_757_reg.hdf5,757,vishuman_abdwall_153_h,False,False,True,True,False,False,True,False,True,True,False,True,False
fullwave_abdominal_wall,fullwave_abdominal_wall_758_reg.hdf5,758,vishuman_abdominal_cropped,False,True,False,True,False,True,False,True,False,True,False,True,False
fullwave_abdominal_wall,fullwave_abdominal_wall_759_reg.hdf5,759,vishuman_abdwall_cropped_7-153s,False,False,True,True,False,False,True,False,True,True,False,True,False
fullwave_abdominal_wall,fullwave_abdominal_wall_760_reg.hdf5,760,vishuman_abdominal_cropped,False,True,False,True,False,True,False,True,False,True,False,True,False
fullwave_abdominal_wall,fullwave_abdominal_wall_761_reg.hdf5,761,vishuman_abdwall_cropped_7-153s,False,False,True,True,False,False,True,False,True,True,False,True,False
fullwave_abdominal_wall,fullwave_abdominal_wall_763_reg.hdf5,763,vishuman_abdominal_cropped,False,True,False,True,False,True,False,True,False,True,False,True,False
fullwave_abdominal_wall,fullwave_abdominal_wall_764_reg.hdf5,764,vishuman_abdwall_153_h,False,False,True,True,False,False,True,False,True,True,False,True,False
fullwave_abdominal_wall,fullwave_abdominal_wall_765_reg.hdf5,765,vishuman_abdwall_cropped_5left153s,False,True,False,False,True,True,False,True,False,True,False,True,False
fullwave_abdominal_wall,fullwave_abdominal_wall_767_reg.hdf5,767,vishuman_abdwall_153_h,False,False,True,True,False,False,True,False,True,True,False,True,False
fullwave_abdominal_wall,fullwave_abdominal_wall_770_reg.hdf5,770,vishuman_abdominal_cropped,False,True,False,True,False,True,False,True,False,True,False,True,False
fullwave_abdominal_wall,fullwave_abdominal_wall_771_reg.hdf5,771,vishuman_abdwall_153_h,False,False,True,True,False,False,True,False,True,True,False,True,False
fullwave_abdominal_wall,fullwave_abdominal_wall_772_reg.hdf5,772,vishuman_abdominal_cropped,False,True,False,True,False,True,False,True,False,True,False,True,False
fullwave_abdominal_wall,fullwave_abdominal_wall_774_reg.hdf5,774,vishuman_abdwall_153_h,False,False,True,True,False,False,True,False,True,True,False,True,False
fullwave_abdominal_wall,fullwave_abdominal_wall_775_reg.hdf5,775,vishuman_abdwall_153_h,False,False,True,True,False,False,True,False,True,True,False,True,False
fullwave_abdominal_wall,fullwave_abdominal_wall_776_reg.hdf5,776,vishuman_abdwall_cropped_7left153s,False,True,False,False,True,True,False,True,False,False,True,False,True
fullwave_abdominal_wall,fullwave_abdominal_wall_777_reg.hdf5,777,vishuman_abdwall_153_h,False,False,True,True,False,False,True,False,True,True,False,True,False
fullwave_abdominal_wall,fullwave_abdominal_wall_778_reg.hdf5,778,vishuman_abdwall_153_h,False,False,True,True,False,False,True,False,True,True,False,True,False
fullwave_abdominal_wall,fullwave_abdominal_wall_779_reg.hdf5,779,vishuman_abdwall_cropped_5left153s,False,True,False,False,True,True,False,True,False,True,False,True,False
fullwave_abdominal_wall,fullwave_abdominal_wall_780_reg.hdf5,780,vishuman_abdominal_cropped,False,True,False,True,False,True,False,True,False,True,False,True,False
fullwave_abdominal_wall,fullwave_abdominal_wall_781_reg.hdf5,781,vishuman_abdwall_153_h,False,False,True,True,False,False,True,False,True,True,False,True,False
fullwave_abdominal_wall,fullwave_abdominal_wall_782_reg.hdf5,782,vishuman_abdwall_153_h,False,False,True,True,False,False,True,False,True,True,False,True,False
fullwave_abdominal_wall,fullwave_abdominal_wall_784_reg.hdf5,784,vishuman_abdominal_cropped,False,True,False,True,False,True,False,True,False,True,False,True,False
fullwave_abdominal_wall,fullwave_abdominal_wall_785_reg.hdf5,785,vishuman_abdwall_cropped_6left153s,False,True,False,False,True,True,False,True,False,False,True,False,True
fullwave_abdominal_wall,fullwave_abdominal_wall_786_reg.hdf5,786,vishuman_abdwall_cropped_7left153s,False,True,False,False,True,True,False,True,False,False,True,False,True
fullwave_abdominal_wall,fullwave_abdominal_wall_788_reg.hdf5,788,vishuman_abdominal_cropped,False,True,False,True,False,True,False,True,False,True,False,True,False
fullwave_abdominal_wall,fullwave_abdominal_wall_789_reg.hdf5,789,vishuman_abdominal_cropped,False,True,False,True,False,True,False,True,False,True,False,True,False
fullwave_abdominal_wall,fullwave_abdominal_wall_790_reg.hdf5,790,vishuman_abdwall_cropped_7left153s,False,True,False,False,True,True,False,True,False,False,True,False,True
fullwave_abdominal_wall,fullwave_abdominal_wall_792_reg.hdf5,792,vishuman_abdwall_cropped_7left153s,False,True,False,False,True,True,False,True,False,False,True,False,True
fullwave_abdominal_wall,fullwave_abdominal_wall_794_reg.hdf5,794,vishuman_abdwall_cropped_7left153s,False,True,False,False,True,True,False,True,False,False,True,False,True
fullwave_abdominal_wall,fullwave_abdominal_wall_795_reg.hdf5,795,vishuman_abdominal_cropped,False,True,False,True,False,True,False,True,False,True,False,True,False
fullwave_abdominal_wall,fullwave_abdominal_wall_796_reg.hdf5,796,vishuman_abdominal_cropped,False,True,False,True,False,True,False,True,False,True,False,True,False
fullwave_abdominal_wall,fullwave_abdominal_wall_797_reg.hdf5,797,vishuman_abdominal_cropped,False,True,False,True,False,True,False,True,False,True,False,True,False
fullwave_abdominal_wall,fullwave_abdominal_wall_798_reg.hdf5,798,vishuman_abdominal_cropped,False,True,False,True,False,True,False,True,False,True,False,True,False
fullwave_abdominal_wall,fullwave_abdominal_wall_799_reg.hdf5,799,vishuman_abdwall_cropped_6left153s,False,True,False,False,True,True,False,True,False,False,True,False,True
fullwave_abdominal_wall,fullwave_abdominal_wall_800_reg.hdf5,800,vishuman_abdwall_cropped_7-153s,False,False,True,True,False,False,True,False,True,True,False,True,False
fullwave_abdominal_wall,fullwave_abdominal_wall_801_reg.hdf5,801,vishuman_abdwall_cropped_5left153s,False,True,False,False,True,True,False,True,False,True,False,True,False
fullwave_abdominal_wall,fullwave_abdominal_wall_802_reg.hdf5,802,vishuman_abdwall_cropped_7-153s,False,False,True,True,False,False,True,False,True,True,False,True,False
fullwave_abdominal_wall,fullwave_abdominal_wall_803_reg.hdf5,803,vishuman_abdwall_set_06,False,True,False,False,True,True,False,True,False,False,False,False,True
fullwave_abdominal_wall,fullwave_abdominal_wall_804_reg.hdf5,804,vishuman_abdominal_cropped,False,True,False,True,False,True,False,True,False,True,False,True,False
fullwave_abdominal_wall,fullwave_abdominal_wall_806_reg.hdf5,806,vishuman_abdwall_set_05,False,True,False,False,True,True,False,True,False,False,True,False,False
fullwave_abdominal_wall,fullwave_abdominal_wall_807_reg.hdf5,807,vishuman_abdwall_set_10,False,False,True,True,False,True,False,False,True,True,False,True,False
fullwave_abdominal_wall,fullwave_abdominal_wall_808_reg.hdf5,808,vishuman_abdwall_set_05,False,True,False,False,True,True,False,True,False,False,True,False,False
fullwave_abdominal_wall,fullwave_abdominal_wall_809_reg.hdf5,809,vishuman_abdominal_cropped,False,True,False,True,False,True,False,True,False,True,False,True,False
fullwave_abdominal_wall,fullwave_abdominal_wall_811_reg.hdf5,811,vishuman_abdwall_set_04,False,True,False,False,True,True,False,True,False,False,True,True,False
fullwave_abdominal_wall,fullwave_abdominal_wall_812_reg.hdf5,812,vishuman_abdwall_set_06,False,True,False,False,True,True,False,True,False,False,False,False,True
fullwave_abdominal_wall,fullwave_abdominal_wall_813_reg.hdf5,813,vishuman_abdwall_set_12,False,False,True,True,False,False,True,False,False,True,False,True,False
fullwave_abdominal_wall,fullwave_abdominal_wall_814_reg.hdf5,814,vishuman_abdwall_cropped_7left153s,False,True,False,False,True,True,False,True,False,False,True,False,True
fullwave_abdominal_wall,fullwave_abdominal_wall_815_reg.hdf5,815,vishuman_abdominal_cropped,False,True,False,True,False,True,False,True,False,True,False,True,False
fullwave_abdominal_wall,fullwave_abdominal_wall_816_reg.hdf5,816,vishuman_abdwall_set_05,False,True,False,False,True,True,False,True,False,False,True,False,False
fullwave_abdominal_wall,fullwave_abdominal_wall_817_reg.hdf5,817,vishuman_abdwall_cropped_7-153s,False,False,True,True,False,False,True,False,True,True,False,True,False
fullwave_abdominal_wall,fullwave_abdominal_wall_818_reg.hdf5,818,vishuman_abdwall_set_12,False,False,True,True,False,False,True,False,False,True,False,True,False
fullwave_abdominal_wall,fullwave_abdominal_wall_819_reg.hdf5,819,vishuman_abdwall_cropped_5left153s,False,True,False,False,True,True,False,True,False,True,False,True,False
fullwave_abdominal_wall,fullwave_abdominal_wall_820_reg.hdf5,820,vishuman_abdwall_set_11,False,False,True,True,False,False,False,False,True,True,False,True,False
fullwave_abdominal_wall,fullwave_abdominal_wall_825_reg.hdf5,825,vishuman_abdwall_set_13,False,False,True,True,False,False,True,True,False,True,False,True,False
fullwave_abdominal_wall,fullwave_abdominal_wall_826_reg.hdf5,826,vishuman_abdwall_set_10,False,False,True,True,False,True,False,False,True,True,False,True,False
fullwave_abdominal_wall,fullwave_abdominal_wall_827_reg.hdf5,827,vishuman_abdwall_set_05,False,True,False,False,True,True,False,True,False,False,True,False,False
fullwave_abdominal_wall,fullwave_abdominal_wall_828_reg.hdf5,828,vishuman_abdwall_set_10,False,False,True,True,False,True,False,False,True,True,False,True,False
fullwave_abdominal_wall,fullwave_abdominal_wall_829_reg.hdf5,829,vishuman_abdwall_set_07,False,True,False,False,True,True,False,True,False,True,False,False,True
fullwave_abdominal_wall,fullwave_abdominal_wall_830_reg.hdf5,830,vishuman_abdwall_set_10,False,False,True,True,False,True,False,False,True,True,False,True,False
fullwave_abdominal_wall,fullwave_abdominal_wall_831_reg.hdf5,831,vishuman_abdwall_cropped_6left153s,False,True,False,False,True,True,False,True,False,False,True,False,True
fullwave_abdominal_wall,fullwave_abdominal_wall_832_reg.hdf5,832,vishuman_abdwall_set_07,False,True,False,False,True,True,False,True,False,True,False,False,True
fullwave_abdominal_wall,fullwave_abdominal_wall_833_reg.hdf5,833,vishuman_abdwall_set_11,False,False,True,True,False,False,False,False,True,True,False,True,False
fullwave_abdominal_wall,fullwave_abdominal_wall_834_reg.hdf5,834,vishuman_abdwall_set_05,False,True,False,False,True,True,False,True,False,False,True,False,False
fullwave_abdominal_wall,fullwave_abdominal_wall_835_reg.hdf5,835,vishuman_abdwall_cropped_7left153s,False,True,False,False,True,True,False,True,False,False,True,False,True
fullwave_abdominal_wall,fullwave_abdominal_wall_836_reg.hdf5,836,vishuman_abdwall_set_10,False,False,True,True,False,True,False,False,True,True,False,True,False
fullwave_abdominal_wall,fullwave_abdominal_wall_837_reg.hdf5,837,vishuman_abdwall_set_10,False,False,True,True,False,True,False,False,True,True,False,True,False
fullwave_abdominal_wall,fullwave_abdominal_wall_838_reg.hdf5,838,vishuman_abdwall_cropped_7-153s,False,False,True,True,False,False,True,False,True,True,False,True,False
fullwave_abdominal_wall,fullwave_abdominal_wall_839_reg.hdf5,839,vishuman_abdwall_set_05,False,True,False,False,True,True,False,True,False,False,True,False,False
fullwave_abdominal_wall,fullwave_abdominal_wall_840_reg.hdf5,840,vishuman_abdwall_set_10,False,False,True,True,False,True,False,False,True,True,False,True,False
fullwave_abdominal_wall,fullwave_abdominal_wall_841_reg.hdf5,841,vishuman_abdwall_set_10,False,False,True,True,False,True,False,False,True,True,False,True,False
fullwave_abdominal_wall,fullwave_abdominal_wall_842_reg.hdf5,842,vishuman_abdwall_cropped_5left153s,False,True,False,False,True,True,False,True,False,True,False,True,False
fullwave_abdominal_wall,fullwave_abdominal_wall_843_reg.hdf5,843,vishuman_abdwall_set_04,False,True,False,False,True,True,False,True,False,False,True,True,False
fullwave_abdominal_wall,fullwave_abdominal_wall_847_reg.hdf5,847,vishuman_abdwall_set_04,False,True,False,False,True,True,False,True,False,False,True,True,False
fullwave_abdominal_wall,fullwave_abdominal_wall_850_reg.hdf5,850,vishuman_abdwall_cropped_6left153s,False,True,False,False,True,True,False,True,False,False,True,False,True
fullwave_abdominal_wall,fullwave_abdominal_wall_851_reg.hdf5,851,vishuman_abdwall_set_07,False,True,False,False,True,True,False,True,False,True,False,False,True
fullwave_abdominal_wall,fullwave_abdominal_wall_852_reg.hdf5,852,vishuman_abdwall_set_10,False,False,True,True,False,True,False,False,True,True,False,True,False
fullwave_abdominal_wall,fullwave_abdominal_wall_853_reg.hdf5,853,vishuman_abdwall_set_12,False,False,True,True,False,False,True,False,False,True,False,True,False
fullwave_abdominal_wall,fullwave_abdominal_wall_854_reg.hdf5,854,vishuman_abdwall_set_07,False,True,False,False,True,True,False,True,False,True,False,False,True
fullwave_abdominal_wall,fullwave_abdominal_wall_855_reg.hdf5,855,vishuman_abdwall_cropped_7-153s,False,False,True,True,False,False,True,False,True,True,False,True,False
fullwave_abdominal_wall,fullwave_abdominal_wall_856_reg.hdf5,856,vishuman_abdwall_set_13,False,False,True,True,False,False,True,True,False,True,False,True,False
fullwave_abdominal_wall,fullwave_abdominal_wall_857_reg.hdf5,857,vishuman_abdwall_cropped_7left153s,False,True,False,False,True,True,False,True,False,False,True,False,True
fullwave_abdominal_wall,fullwave_abdominal_wall_858_reg.hdf5,858,vishuman_abdwall_cropped_6left153s,False,True,False,False,True,True,False,True,False,False,True,False,True
fullwave_abdominal_wall,fullwave_abdominal_wall_859_reg.hdf5,859,vishuman_abdwall_cropped_5left153s,False,True,False,False,True,True,False,True,False,True,False,True,False
fullwave_abdominal_wall,fullwave_abdominal_wall_860_reg.hdf5,860,vishuman_abdwall_cropped_6left153s,False,True,False,False,True,True,False,True,False,False,True,False,True
fullwave_abdominal_wall,fullwave_abdominal_wall_861_reg.hdf5,861,vishuman_abdwall_set_13,False,False,True,True,False,False,True,True,False,True,False,True,False
fullwave_abdominal_wall,fullwave_abdominal_wall_862_reg.hdf5,862,vishuman_abdwall_set_12,False,False,True,True,False,False,True,False,False,True,False,True,False
fullwave_abdominal_wall,fullwave_abdominal_wall_864_reg.hdf5,864,vishuman_abdwall_set_12,False,False,True,True,False,False,True,False,False,True,False,True,False
fullwave_abdominal_wall,fullwave_abdominal_wall_865_reg.hdf5,865,vishuman_abdwall_set_05,False,True,False,False,True,True,False,True,False,False,True,False,False
fullwave_abdominal_wall,fullwave_abdominal_wall_866_reg.hdf5,866,vishuman_abdwall_set_12,False,False,True,True,False,False,True,False,False,True,False,True,False
fullwave_abdominal_wall,fullwave_abdominal_wall_868_reg.hdf5,868,vishuman_abdwall_set_11,False,False,True,True,False,False,False,False,True,True,False,True,False
fullwave_abdominal_wall,fullwave_abdominal_wall_869_reg.hdf5,869,vishuman_abdwall_set_05,False,True,False,False,True,True,False,True,False,False,True,False,False
fullwave_abdominal_wall,fullwave_abdominal_wall_870_reg.hdf5,870,vishuman_abdwall_set_11,False,False,True,True,False,False,False,False,True,True,False,True,False
fullwave_abdominal_wall,fullwave_abdominal_wall_872_reg.hdf5,872,vishuman_abdwall_set_07,False,True,False,False,True,True,False,True,False,True,False,False,True
fullwave_abdominal_wall,fullwave_abdominal_wall_873_reg.hdf5,873,vishuman_abdwall_cropped_7left153s,False,True,False,False,True,True,False,True,False,False,True,False,True
fullwave_abdominal_wall,fullwave_abdominal_wall_874_reg.hdf5,874,vishuman_abdwall_set_05,False,True,False,False,True,True,False,True,False,False,True,False,False
fullwave_abdominal_wall,fullwave_abdominal_wall_875_reg.hdf5,875,vishuman_abdwall_set_05,False,True,False,False,True,True,False,True,False,False,True,False,False
fullwave_abdominal_wall,fullwave_abdominal_wall_876_reg.hdf5,876,vishuman_abdwall_cropped_7left153s,False,True,False,False,True,True,False,True,False,False,True,False,True
fullwave_abdominal_wall,fullwave_abdominal_wall_877_reg.hdf5,877,vishuman_abdwall_set_06,False,True,False,False,True,True,False,True,False,False,False,False,True
fullwave_abdominal_wall,fullwave_abdominal_wall_878_reg.hdf5,878,vishuman_abdwall_set_04,False,True,False,False,True,True,False,True,False,False,True,True,False
fullwave_abdominal_wall,fullwave_abdominal_wall_879_reg.hdf5,879,vishuman_abdwall_cropped_7left153s,False,True,False,False,True,True,False,True,False,False,True,False,True
fullwave_abdominal_wall,fullwave_abdominal_wall_880_reg.hdf5,880,vishuman_abdominal_cropped,False,True,False,True,False,True,False,True,False,True,False,True,False
fullwave_abdominal_wall,fullwave_abdominal_wall_881_reg.hdf5,881,vishuman_abdwall_cropped_6left153s,False,True,False,False,True,True,False,True,False,False,True,False,True
fullwave_abdominal_wall,fullwave_abdominal_wall_882_reg.hdf5,882,vishuman_abdwall_cropped_6left153s,False,True,False,False,True,True,False,True,False,False,True,False,True
fullwave_abdominal_wall,fullwave_abdominal_wall_884_reg.hdf5,884,vishuman_abdwall_set_10,False,False,True,True,False,True,False,False,True,True,False,True,False
fullwave_abdominal_wall,fullwave_abdominal_wall_885_reg.hdf5,885,vishuman_abdwall_cropped_7left153s,False,True,False,False,True,True,False,True,False,False,True,False,True
fullwave_abdominal_wall,fullwave_abdominal_wall_886_reg.hdf5,886,vishuman_abdwall_cropped_5left153s,False,True,False,False,True,True,False,True,False,True,False,True,False
fullwave_abdominal_wall,fullwave_abdominal_wall_887_reg.hdf5,887,vishuman_abdominal_cropped,False,True,False,True,False,True,False,True,False,True,False,True,False
fullwave_abdominal_wall,fullwave_abdominal_wall_889_reg.hdf5,889,vishuman_abdwall_cropped_6left153s,False,True,False,False,True,True,False,True,False,False,True,False,True
fullwave_abdominal_wall,fullwave_abdominal_wall_890_reg.hdf5,890,vishuman_abdominal_cropped,False,True,False,True,False,True,False,True,False,True,False,True,False
fullwave_abdominal_wall,fullwave_abdominal_wall_891_reg.hdf5,891,vishuman_abdwall_set_12,False,False,True,True,False,False,True,False,False,True,False,True,False
fullwave_abdominal_wall,fullwave_abdominal_wall_892_reg.hdf5,892,vishuman_abdwall_set_04,False,True,False,False,True,True,False,True,False,False,True,True,False
fullwave_abdominal_wall,fullwave_abdominal_wall_893_reg.hdf5,893,vishuman_abdwall_set_07,False,True,False,False,True,True,False,True,False,True,False,False,True
fullwave_abdominal_wall,fullwave_abdominal_wall_894_reg.hdf5,894,vishuman_abdwall_set_07,False,True,False,False,True,True,False,True,False,True,False,False,True
fullwave_abdominal_wall,fullwave_abdominal_wall_895_reg.hdf5,895,vishuman_abdwall_set_06,False,True,False,False,True,True,False,True,False,False,False,False,True
fullwave_abdominal_wall,fullwave_abdominal_wall_896_reg.hdf5,896,vishuman_abdwall_set_05,False,True,False,False,True,True,False,True,False,False,True,False,False
fullwave_abdominal_wall,fullwave_abdominal_wall_897_reg.hdf5,897,vishuman_abdwall_cropped_7-153s,False,False,True,True,False,False,True,False,True,True,False,True,False
fullwave_abdominal_wall,fullwave_abdominal_wall_898_reg.hdf5,898,vishuman_abdwall_set_07,False,True,False,False,True,True,False,True,False,True,False,False,True
fullwave_abdominal_wall,fullwave_abdominal_wall_899_reg.hdf5,899,vishuman_abdominal_cropped,False,True,False,True,False,True,False,True,False,True,False,True,False
fullwave_abdominal_wall,fullwave_abdominal_wall_900_reg.hdf5,900,vishuman_abdwall_set_06,False,True,False,False,True,True,False,True,False,False,False,False,True
fullwave_abdominal_wall,fullwave_abdominal_wall_901_reg.hdf5,901,vishuman_abdominal_cropped,False,True,False,True,False,True,False,True,False,True,False,True,False
fullwave_abdominal_wall,fullwave_abdominal_wall_902_reg.hdf5,902,vishuman_abdwall_set_06,False,True,False,False,True,True,False,True,False,False,False,False,True
fullwave_abdominal_wall,fullwave_abdominal_wall_903_reg.hdf5,903,vishuman_abdwall_set_11,False,False,True,True,False,False,False,False,True,True,False,True,False
fullwave_abdominal_wall,fullwave_abdominal_wall_904_reg.hdf5,904,vishuman_abdwall_cropped_6left153s,False,True,False,False,True,True,False,True,False,False,True,False,True
fullwave_abdominal_wall,fullwave_abdominal_wall_905_reg.hdf5,905,vishuman_abdwall_cropped_5left153s,False,True,False,False,True,True,False,True,False,True,False,True,False
fullwave_abdominal_wall,fullwave_abdominal_wall_906_reg.hdf5,906,vishuman_abdwall_set_10,False,False,True,True,False,True,False,False,True,True,False,True,False
fullwave_abdominal_wall,fullwave_abdominal_wall_907_reg.hdf5,907,vishuman_abdominal_cropped,False,True,False,True,False,True,False,True,False,True,False,True,False
fullwave_abdominal_wall,fullwave_abdominal_wall_908_reg.hdf5,908,vishuman_abdwall_cropped_6left153s,False,True,False,False,True,True,False,True,False,False,True,False,True
fullwave_abdominal_wall,fullwave_abdominal_wall_909_reg.hdf5,909,vishuman_abdwall_set_10,False,False,True,True,False,True,False,False,True,True,False,True,False
fullwave_abdominal_wall,fullwave_abdominal_wall_911_reg.hdf5,911,vishuman_abdwall_set_13,False,False,True,True,False,False,True,True,False,True,False,True,False
fullwave_abdominal_wall,fullwave_abdominal_wall_912_reg.hdf5,912,vishuman_abdwall_cropped_7left153s,False,True,False,False,True,True,False,True,False,False,True,False,True
fullwave_abdominal_wall,fullwave_abdominal_wall_913_reg.hdf5,913,vishuman_abdominal_cropped,False,True,False,True,False,True,False,True,False,True,False,True,False
fullwave_abdominal_wall,fullwave_abdominal_wall_915_reg.hdf5,915,vishuman_abdwall_set_05,False,True,False,False,True,True,False,True,False,False,True,False,False
fullwave_abdominal_wall,fullwave_abdominal_wall_916_reg.hdf5,916,vishuman_abdwall_set_10,False,False,True,True,False,True,False,False,True,True,False,True,False
fullwave_abdominal_wall,fullwave_abdominal_wall_917_reg.hdf5,917,vishuman_abdominal_cropped,False,True,False,True,False,True,False,True,False,True,False,True,False
fullwave_abdominal_wall,fullwave_abdominal_wall_919_reg.hdf5,919,vishuman_abdominal_cropped,False,True,False,True,False,True,False,True,False,True,False,True,False
fullwave_abdominal_wall,fullwave_abdominal_wall_920_reg.hdf5,920,vishuman_abdwall_cropped_7-153s,False,False,True,True,False,False,True,False,True,True,False,True,False
fullwave_abdominal_wall,fullwave_abdominal_wall_921_reg.hdf5,921,vishuman_abdwall_set_10,False,False,True,True,False,True,False,False,True,True,False,True,False
fullwave_abdominal_wall,fullwave_abdominal_wall_922_reg.hdf5,922,vishuman_abdwall_cropped_6left153s,False,True,False,False,True,True,False,True,False,False,True,False,True
fullwave_abdominal_wall,fullwave_abdominal_wall_924_reg.hdf5,924,vishuman_abdwall_cropped_7-153s,False,False,True,True,False,False,True,False,True,True,False,True,False
fullwave_abdominal_wall,fullwave_abdominal_wall_925_reg.hdf5,925,vishuman_abdwall_cropped_5left153s,False,True,False,False,True,True,False,True,False,True,False,True,False
fullwave_abdominal_wall,fullwave_abdominal_wall_926_reg.hdf5,926,vishuman_abdwall_set_04,False,True,False,False,True,True,False,True,False,False,True,True,False
fullwave_abdominal_wall,fullwave_abdominal_wall_928_reg.hdf5,928,vishuman_abdwall_cropped_7-153s,False,False,True,True,False,False,True,False,True,True,False,True,False
fullwave_abdominal_wall,fullwave_abdominal_wall_929_reg.hdf5,929,vishuman_abdwall_set_13,False,False,True,True,False,False,True,True,False,True,False,True,False
fullwave_abdominal_wall,fullwave_abdominal_wall_930_reg.hdf5,930,vishuman_abdwall_cropped_7-153s,False,False,True,True,False,False,True,False,True,True,False,True,False
fullwave_abdominal_wall,fullwave_abdominal_wall_931_reg.hdf5,931,vishuman_abdwall_set_10,False,False,True,True,False,True,False,False,True,True,False,True,False
fullwave_abdominal_wall,fullwave_abdominal_wall_932_reg.hdf5,932,vishuman_abdwall_set_04,False,True,False,False,True,True,False,True,False,False,True,True,False
fullwave_abdominal_wall,fullwave_abdominal_wall_933_reg.hdf5,933,vishuman_abdwall_set_12,False,False,True,True,False,False,True,False,False,True,False,True,False
fullwave_abdominal_wall,fullwave_abdominal_wall_934_reg.hdf5,934,vishuman_abdwall_set_12,False,False,True,True,False,False,True,False,False,True,False,True,False
fullwave_abdominal_wall,fullwave_abdominal_wall_935_reg.hdf5,935,vishuman_abdwall_cropped_7-153s,False,False,True,True,False,False,True,False,True,True,False,True,False
fullwave_abdominal_wall,fullwave_abdominal_wall_936_reg.hdf5,936,vishuman_abdwall_set_10,False,False,True,True,False,True,False,False,True,True,False,True,False
fullwave_abdominal_wall,fullwave_abdominal_wall_937_reg.hdf5,937,vishuman_abdwall_set_10,False,False,True,True,False,True,False,False,True,True,False,True,False
fullwave_abdominal_wall,fullwave_abdominal_wall_939_reg.hdf5,939,vishuman_abdwall_cropped_7left153s,False,True,False,False,True,True,False,True,False,False,True,False,True
fullwave_abdominal_wall,fullwave_abdominal_wall_940_reg.hdf5,940,vishuman_abdwall_set_06,False,True,False,False,True,True,False,True,False,False,False,False,True
fullwave_abdominal_wall,fullwave_abdominal_wall_941_reg.hdf5,941,vishuman_abdwall_set_10,False,False,True,True,False,True,False,False,True,True,False,True,False
fullwave_abdominal_wall,fullwave_abdominal_wall_942_reg.hdf5,942,vishuman_abdwall_set_10,False,False,True,True,False,True,False,False,True,True,False,True,False
fullwave_abdominal_wall,fullwave_abdominal_wall_943_reg.hdf5,943,vishuman_abdwall_set_04,False,True,False,False,True,True,False,True,False,False,True,True,False
fullwave_abdominal_wall,fullwave_abdominal_wall_944_reg.hdf5,944,vishuman_abdwall_set_11,False,False,True,True,False,False,False,False,True,True,False,True,False
fullwave_abdominal_wall,fullwave_abdominal_wall_946_reg.hdf5,946,vishuman_abdwall_set_13,False,False,True,True,False,False,True,True,False,True,False,True,False
fullwave_abdominal_wall,fullwave_abdominal_wall_947_reg.hdf5,947,vishuman_abdwall_set_04,False,True,False,False,True,True,False,True,False,False,True,True,False
fullwave_abdominal_wall,fullwave_abdominal_wall_948_reg.hdf5,948,vishuman_abdwall_set_04,False,True,False,False,True,True,False,True,False,False,True,True,False
fullwave_abdominal_wall,fullwave_abdominal_wall_949_reg.hdf5,949,vishuman_abdwall_set_05,False,True,False,False,True,True,False,True,False,False,True,False,False
fullwave_abdominal_wall,fullwave_abdominal_wall_952_reg.hdf5,952,vishuman_abdwall_set_04,False,True,False,False,True,True,False,True,False,False,True,True,False
fullwave_abdominal_wall,fullwave_abdominal_wall_954_reg.hdf5,954,vishuman_abdwall_set_05,False,True,False,False,True,True,False,True,False,False,True,False,False
fullwave_abdominal_wall,fullwave_abdominal_wall_955_reg.hdf5,955,vishuman_abdwall_cropped_6left153s,False,True,False,False,True,True,False,True,False,False,True,False,True
fullwave_abdominal_wall,fullwave_abdominal_wall_957_reg.hdf5,957,vishuman_abdwall_set_07,False,True,False,False,True,True,False,True,False,True,False,False,True
fullwave_abdominal_wall,fullwave_abdominal_wall_958_reg.hdf5,958,vishuman_abdwall_set_04,False,True,False,False,True,True,False,True,False,False,True,True,False
fullwave_abdominal_wall,fullwave_abdominal_wall_959_reg.hdf5,959,vishuman_abdwall_set_10,False,False,True,True,False,True,False,False,True,True,False,True,False
fullwave_abdominal_wall,fullwave_abdominal_wall_961_reg.hdf5,961,vishuman_abdwall_set_12,False,False,True,True,False,False,True,False,False,True,False,True,False
fullwave_abdominal_wall,fullwave_abdominal_wall_962_reg.hdf5,962,vishuman_abdwall_cropped_7-153s,False,False,True,True,False,False,True,False,True,True,False,True,False
fullwave_abdominal_wall,fullwave_abdominal_wall_964_reg.hdf5,964,vishuman_abdwall_set_05,False,True,False,False,True,True,False,True,False,False,True,False,False
fullwave_abdominal_wall,fullwave_abdominal_wall_965_reg.hdf5,965,vishuman_abdwall_cropped_6left153s,False,True,False,False,True,True,False,True,False,False,True,False,True
fullwave_abdominal_wall,fullwave_abdominal_wall_966_reg.hdf5,966,vishuman_abdwall_set_12,False,False,True,True,False,False,True,False,False,True,False,True,False
fullwave_abdominal_wall,fullwave_abdominal_wall_967_reg.hdf5,967,vishuman_abdwall_set_06,False,True,False,False,True,True,False,True,False,False,False,False,True
fullwave_abdominal_wall,fullwave_abdominal_wall_968_reg.hdf5,968,vishuman_abdwall_set_05,False,True,False,False,True,True,False,True,False,False,True,False,False
fullwave_abdominal_wall,fullwave_abdominal_wall_969_reg.hdf5,969,vishuman_abdwall_set_11,False,False,True,True,False,False,False,False,True,True,False,True,False
fullwave_abdominal_wall,fullwave_abdominal_wall_970_reg.hdf5,970,vishuman_abdwall_set_11,False,False,True,True,False,False,False,False,True,True,False,True,False
fullwave_abdominal_wall,fullwave_abdominal_wall_972_reg.hdf5,972,vishuman_abdwall_set_12,False,False,True,True,False,False,True,False,False,True,False,True,False
fullwave_abdominal_wall,fullwave_abdominal_wall_973_reg.hdf5,973,vishuman_abdwall_set_07,False,True,False,False,True,True,False,True,False,True,False,False,True
fullwave_abdominal_wall,fullwave_abdominal_wall_974_reg.hdf5,974,vishuman_abdwall_set_11,False,False,True,True,False,False,False,False,True,True,False,True,False
fullwave_abdominal_wall,fullwave_abdominal_wall_975_reg.hdf5,975,vishuman_abdwall_cropped_7-153s,False,False,True,True,False,False,True,False,True,True,False,True,False
fullwave_abdominal_wall,fullwave_abdominal_wall_976_reg.hdf5,976,vishuman_abdwall_cropped_5left153s,False,True,False,False,True,True,False,True,False,True,False,True,False
fullwave_abdominal_wall,fullwave_abdominal_wall_977_reg.hdf5,977,vishuman_abdwall_set_06,False,True,False,False,True,True,False,True,False,False,False,False,True
fullwave_abdominal_wall,fullwave_abdominal_wall_978_reg.hdf5,978,vishuman_abdominal_cropped,False,True,False,True,False,True,False,True,False,True,False,True,False
fullwave_abdominal_wall,fullwave_abdominal_wall_979_reg.hdf5,979,vishuman_abdominal_cropped,False,True,False,True,False,True,False,True,False,True,False,True,False
fullwave_abdominal_wall,fullwave_abdominal_wall_980_reg.hdf5,980,vishuman_abdominal_cropped,False,True,False,True,False,True,False,True,False,True,False,True,False
fullwave_abdominal_wall,fullwave_abdominal_wall_981_reg.hdf5,981,vishuman_abdwall_cropped_5left153s,False,True,False,False,True,True,False,True,False,True,False,True,False
fullwave_abdominal_wall,fullwave_abdominal_wall_982_reg.hdf5,982,vishuman_abdwall_set_05,False,True,False,False,True,True,False,True,False,False,True,False,False
fullwave_abdominal_wall,fullwave_abdominal_wall_983_reg.hdf5,983,vishuman_abdwall_cropped_7-153s,False,False,True,True,False,False,True,False,True,True,False,True,False
fullwave_abdominal_wall,fullwave_abdominal_wall_984_reg.hdf5,984,vishuman_abdwall_cropped_5left153s,False,True,False,False,True,True,False,True,False,True,False,True,False
fullwave_abdominal_wall,fullwave_abdominal_wall_985_reg.hdf5,985,vishuman_abdwall_cropped_5left153s,False,True,False,False,True,True,False,True,False,True,False,True,False
fullwave_abdominal_wall,fullwave_abdominal_wall_986_reg.hdf5,986,vishuman_abdwall_cropped_5left153s,False,True,False,False,True,True,False,True,False,True,False,True,False
fullwave_abdominal_wall,fullwave_abdominal_wall_987_reg.hdf5,987,vishuman_abdwall_set_11,False,False,True,True,False,False,False,False,True,True,False,True,False
fullwave_abdominal_wall,fullwave_abdominal_wall_988_reg.hdf5,988,vishuman_abdwall_cropped_6left153s,False,True,False,False,True,True,False,True,False,False,True,False,True
fullwave_abdominal_wall,fullwave_abdominal_wall_989_reg.hdf5,989,vishuman_abdwall_set_11,False,False,True,True,False,False,False,False,True,True,False,True,False
fullwave_abdominal_wall,fullwave_abdominal_wall_990_reg.hdf5,990,vishuman_abdwall_set_06,False,True,False,False,True,True,False,True,False,False,False,False,True
fullwave_abdominal_wall,fullwave_abdominal_wall_991_reg.hdf5,991,vishuman_abdwall_cropped_5left153s,False,True,False,False,True,True,False,True,False,True,False,True,False
fullwave_abdominal_wall,fullwave_abdominal_wall_992_reg.hdf5,992,vishuman_abdwall_set_05,False,True,False,False,True,True,False,True,False,False,True,False,False
fullwave_abdominal_wall,fullwave_abdominal_wall_994_reg.hdf5,994,vishuman_abdwall_set_05,False,True,False,False,True,True,False,True,False,False,True,False,False
fullwave_abdominal_wall,fullwave_abdominal_wall_995_reg.hdf5,995,vishuman_abdwall_set_06,False,True,False,False,True,True,False,True,False,False,False,False,True
fullwave_abdominal_wall,fullwave_abdominal_wall_996_reg.hdf5,996,vishuman_abdwall_cropped_7left153s,False,True,False,False,True,True,False,True,False,False,True,False,True
fullwave_abdominal_wall,fullwave_abdominal_wall_997_reg.hdf5,997,vishuman_abdwall_set_06,False,True,False,False,True,True,False,True,False,False,False,False,True
fullwave_abdominal_wall,fullwave_abdominal_wall_998_reg.hdf5,998,vishuman_abdwall_set_11,False,False,True,True,False,False,False,False,True,True,False,True,False
fullwave_abdominal_wall,fullwave_abdominal_wall_999_reg.hdf5,999,vishuman_abdwall_set_04,False,True,False,False,True,True,False,True,False,False,True,True,False
fullwave_abdominal_wall,fullwave_abdominal_wall_1001_reg.hdf5,1001,vishuman_abdwall_set_13,False,False,True,True,False,False,True,True,False,True,False,True,False
fullwave_abdominal_wall,fullwave_abdominal_wall_1002_reg.hdf5,1002,vishuman_abdwall_set_11,False,False,True,True,False,False,False,False,True,True,False,True,False
fullwave_abdominal_wall,fullwave_abdominal_wall_1003_reg.hdf5,1003,vishuman_abdwall_set_04,False,True,False,False,True,True,False,True,False,False,True,True,False
fullwave_abdominal_wall,fullwave_abdominal_wall_1005_reg.hdf5,1005,vishuman_abdwall_cropped_5left153s,False,True,False,False,True,True,False,True,False,True,False,True,False
fullwave_abdominal_wall,fullwave_abdominal_wall_1006_reg.hdf5,1006,vishuman_abdwall_set_13,False,False,True,True,False,False,True,True,False,True,False,True,False
fullwave_abdominal_wall,fullwave_abdominal_wall_1007_reg.hdf5,1007,vishuman_abdwall_set_12,False,False,True,True,False,False,True,False,False,True,False,True,False
fullwave_abdominal_wall,fullwave_abdominal_wall_1009_reg.hdf5,1009,vishuman_abdwall_set_13,False,False,True,True,False,False,True,True,False,True,False,True,False
fullwave_abdominal_wall,fullwave_abdominal_wall_1010_reg.hdf5,1010,vishuman_abdwall_set_10,False,False,True,True,False,True,False,False,True,True,False,True,False
fullwave_abdominal_wall,fullwave_abdominal_wall_1011_reg.hdf5,1011,vishuman_abdwall_set_04,False,True,False,False,True,True,False,True,False,False,True,True,False
fullwave_abdominal_wall,fullwave_abdominal_wall_1012_reg.hdf5,1012,vishuman_abdwall_cropped_5left153s,False,True,False,False,True,True,False,True,False,True,False,True,False
fullwave_abdominal_wall,fullwave_abdominal_wall_1014_reg.hdf5,1014,vishuman_abdwall_cropped_5left153s,False,True,False,False,True,True,False,True,False,True,False,True,False
fullwave_abdominal_wall,fullwave_abdominal_wall_1015_reg.hdf5,1015,vishuman_abdwall_set_11,False,False,True,True,False,False,False,False,True,True,False,True,False
fullwave_abdominal_wall,fullwave_abdominal_wall_1016_reg.hdf5,1016,vishuman_abdwall_set_11,False,False,True,True,False,False,False,False,True,True,False,True,False
fullwave_abdominal_wall,fullwave_abdominal_wall_1017_reg.hdf5,1017,vishuman_abdwall_set_12,False,False,True,True,False,False,True,False,False,True,False,True,False
fullwave_abdominal_wall,fullwave_abdominal_wall_1018_reg.hdf5,1018,vishuman_abdwall_set_12,False,False,True,True,False,False,True,False,False,True,False,True,False
fullwave_abdominal_wall,fullwave_abdominal_wall_1019_reg.hdf5,1019,vishuman_abdwall_set_04,False,True,False,False,True,True,False,True,False,False,True,True,False
fullwave_abdominal_wall,fullwave_abdominal_wall_1020_reg.hdf5,1020,vishuman_abdwall_set_10,False,False,True,True,False,True,False,False,True,True,False,True,False
fullwave_abdominal_wall,fullwave_abdominal_wall_1021_reg.hdf5,1021,vishuman_abdwall_cropped_7-153s,False,False,True,True,False,False,True,False,True,True,False,True,False
fullwave_abdominal_wall,fullwave_abdominal_wall_1022_reg.hdf5,1022,vishuman_abdwall_set_10,False,False,True,True,False,True,False,False,True,True,False,True,False
fullwave_abdominal_wall,fullwave_abdominal_wall_1023_reg.hdf5,1023,vishuman_abdwall_set_11,False,False,True,True,False,False,False,False,True,True,False,True,False
fullwave_abdominal_wall,fullwave_abdominal_wall_1025_reg.hdf5,1025,vishuman_abdwall_cropped_7-153s,False,False,True,True,False,False,True,False,True,True,False,True,False
fullwave_abdominal_wall,fullwave_abdominal_wall_1026_reg.hdf5,1026,vishuman_abdominal_cropped,False,True,False,True,False,True,False,True,False,True,False,True,False
fullwave_abdominal_wall,fullwave_abdominal_wall_1027_reg.hdf5,1027,vishuman_abdwall_set_04,False,True,False,False,True,True,False,True,False,False,True,True,False
fullwave_abdominal_wall,fullwave_abdominal_wall_1028_reg.hdf5,1028,vishuman_abdwall_set_07,False,True,False,False,True,True,False,True,False,True,False,False,True
fullwave_abdominal_wall,fullwave_abdominal_wall_1030_reg.hdf5,1030,vishuman_abdwall_cropped_5left153s,False,True,False,False,True,True,False,True,False,True,False,True,False
fullwave_abdominal_wall,fullwave_abdominal_wall_1033_reg.hdf5,1033,vishuman_abdwall_set_04,False,True,False,False,True,True,False,True,False,False,True,True,False
fullwave_abdominal_wall,fullwave_abdominal_wall_1034_reg.hdf5,1034,vishuman_abdwall_set_10,False,False,True,True,False,True,False,False,True,True,False,True,False
fullwave_abdominal_wall,fullwave_abdominal_wall_1035_reg.hdf5,1035,vishuman_abdwall_cropped_5left153s,False,True,False,False,True,True,False,True,False,True,False,True,False
fullwave_abdominal_wall,fullwave_abdominal_wall_1036_reg.hdf5,1036,vishuman_abdwall_set_11,False,False,True,True,False,False,False,False,True,True,False,True,False
fullwave_abdominal_wall,fullwave_abdominal_wall_1037_reg.hdf5,1037,vishuman_abdwall_set_11,False,False,True,True,False,False,False,False,True,True,False,True,False
fullwave_abdominal_wall,fullwave_abdominal_wall_1038_reg.hdf5,1038,vishuman_abdwall_set_04,False,True,False,False,True,True,False,True,False,False,True,True,False
fullwave_abdominal_wall,fullwave_abdominal_wall_1039_reg.hdf5,1039,vishuman_abdominal_cropped,False,True,False,True,False,True,False,True,False,True,False,True,False
fullwave_abdominal_wall,fullwave_abdominal_wall_1041_reg.hdf5,1041,vishuman_abdwall_cropped_6left153s,False,True,False,False,True,True,False,True,False,False,True,False,True
fullwave_abdominal_wall,fullwave_abdominal_wall_1043_reg.hdf5,1043,vishuman_abdominal_cropped,False,True,False,True,False,True,False,True,False,True,False,True,False
fullwave_abdominal_wall,fullwave_abdominal_wall_1044_reg.hdf5,1044,vishuman_abdwall_set_13,False,False,True,True,False,False,True,True,False,True,False,True,False
fullwave_abdominal_wall,fullwave_abdominal_wall_1045_reg.hdf5,1045,vishuman_abdwall_set_13,False,False,True,True,False,False,True,True,False,True,False,True,False
fullwave_abdominal_wall,fullwave_abdominal_wall_1046_reg.hdf5,1046,vishuman_abdwall_cropped_5left153s,False,True,False,False,True,True,False,True,False,True,False,True,False
fullwave_abdominal_wall,fullwave_abdominal_wall_1047_reg.hdf5,1047,vishuman_abdwall_cropped_7-153s,False,False,True,True,False,False,True,False,True,True,False,True,False
fullwave_abdominal_wall,fullwave_abdominal_wall_1048_reg.hdf5,1048,vishuman_abdominal_cropped,False,True,False,True,False,True,False,True,False,True,False,True,False
fullwave_abdominal_wall,fullwave_abdominal_wall_1049_reg.hdf5,1049,vishuman_abdwall_cropped_7-153s,False,False,True,True,False,False,True,False,True,True,False,True,False
fullwave_abdominal_wall,fullwave_abdominal_wall_1051_reg.hdf5,1051,vishuman_abdwall_set_12,False,False,True,True,False,False,True,False,False,True,False,True,False
fullwave_abdominal_wall,fullwave_abdominal_wall_1056_reg.hdf5,1056,vishuman_abdominal_cropped,False,True,False,True,False,True,False,True,False,True,False,True,False
fullwave_abdominal_wall,fullwave_abdominal_wall_1058_reg.hdf5,1058,vishuman_abdominal_cropped,False,True,False,True,False,True,False,True,False,True,False,True,False
fullwave_abdominal_wall,fullwave_abdominal_wall_1060_reg.hdf5,1060,vishuman_abdominal_cropped,False,True,False,True,False,True,False,True,False,True,False,True,False
fullwave_abdominal_wall,fullwave_abdominal_wall_1061_reg.hdf5,1061,vishuman_abdwall_set_04,False,True,False,False,True,True,False,True,False,False,True,True,False
fullwave_abdominal_wall,fullwave_abdominal_wall_1062_reg.hdf5,1062,vishuman_abdwall_set_04,False,True,False,False,True,True,False,True,False,False,True,True,False
fullwave_abdominal_wall,fullwave_abdominal_wall_1063_reg.hdf5,1063,vishuman_abdwall_cropped_7-153s,False,False,True,True,False,False,True,False,True,True,False,True,False
fullwave_abdominal_wall,fullwave_abdominal_wall_1066_reg.hdf5,1066,vishuman_abdwall_cropped_7-153s,False,False,True,True,False,False,True,False,True,True,False,True,False
fullwave_abdominal_wall,fullwave_abdominal_wall_1068_reg.hdf5,1068,vishuman_abdwall_cropped_7left153s,False,True,False,False,True,True,False,True,False,False,True,False,True
fullwave_abdominal_wall,fullwave_abdominal_wall_1070_reg.hdf5,1070,vishuman_abdwall_cropped_6left153s,False,True,False,False,True,True,False,True,False,False,True,False,True
fullwave_abdominal_wall,fullwave_abdominal_wall_1071_reg.hdf5,1071,vishuman_abdwall_set_10,False,False,True,True,False,True,False,False,True,True,False,True,False
fullwave_abdominal_wall,fullwave_abdominal_wall_1072_reg.hdf5,1072,vishuman_abdwall_cropped_5left153s,False,True,False,False,True,True,False,True,False,True,False,True,False
fullwave_abdominal_wall,fullwave_abdominal_wall_1073_reg.hdf5,1073,vishuman_abdwall_set_04,False,True,False,False,True,True,False,True,False,False,True,True,False
fullwave_abdominal_wall,fullwave_abdominal_wall_1074_reg.hdf5,1074,vishuman_abdominal_cropped,False,True,False,True,False,True,False,True,False,True,False,True,False
fullwave_abdominal_wall,fullwave_abdominal_wall_1076_reg.hdf5,1076,vishuman_abdwall_set_05,False,True,False,False,True,True,False,True,False,False,True,False,False
fullwave_abdominal_wall,fullwave_abdominal_wall_1077_reg.hdf5,1077,vishuman_abdwall_set_07,False,True,False,False,True,True,False,True,False,True,False,False,True
fullwave_abdominal_wall,fullwave_abdominal_wall_1078_reg.hdf5,1078,vishuman_abdwall_set_12,False,False,True,True,False,False,True,False,False,True,False,True,False
fullwave_abdominal_wall,fullwave_abdominal_wall_1079_reg.hdf5,1079,vishuman_abdwall_set_12,False,False,True,True,False,False,True,False,False,True,False,True,False
fullwave_abdominal_wall,fullwave_abdominal_wall_1080_reg.hdf5,1080,vishuman_abdwall_set_06,False,True,False,False,True,True,False,True,False,False,False,False,True
fullwave_abdominal_wall,fullwave_abdominal_wall_1081_reg.hdf5,1081,vishuman_abdwall_set_10,False,False,True,True,False,True,False,False,True,True,False,True,False
fullwave_abdominal_wall,fullwave_abdominal_wall_1082_reg.hdf5,1082,vishuman_abdominal_cropped,False,True,False,True,False,True,False,True,False,True,False,True,False
fullwave_abdominal_wall,fullwave_abdominal_wall_1083_reg.hdf5,1083,vishuman_abdwall_set_05,False,True,False,False,True,True,False,True,False,False,True,False,False
fullwave_abdominal_wall,fullwave_abdominal_wall_1084_reg.hdf5,1084,vishuman_abdwall_set_06,False,True,False,False,True,True,False,True,False,False,False,False,True
fullwave_abdominal_wall,fullwave_abdominal_wall_1085_reg.hdf5,1085,vishuman_abdwall_set_06,False,True,False,False,True,True,False,True,False,False,False,False,True
fullwave_abdominal_wall,fullwave_abdominal_wall_1086_reg.hdf5,1086,vishuman_abdwall_cropped_6left153s,False,True,False,False,True,True,False,True,False,False,True,False,True
fullwave_abdominal_wall,fullwave_abdominal_wall_1087_reg.hdf5,1087,vishuman_abdwall_set_11,False,False,True,True,False,False,False,False,True,True,False,True,False
fullwave_abdominal_wall,fullwave_abdominal_wall_1088_reg.hdf5,1088,vishuman_abdwall_set_12,False,False,True,True,False,False,True,False,False,True,False,True,False
fullwave_abdominal_wall,fullwave_abdominal_wall_1092_reg.hdf5,1092,vishuman_abdwall_set_12,False,False,True,True,False,False,True,False,False,True,False,True,False
fullwave_abdominal_wall,fullwave_abdominal_wall_1094_reg.hdf5,1094,vishuman_abdwall_set_10,False,False,True,True,False,True,False,False,True,True,False,True,False
fullwave_abdominal_wall,fullwave_abdominal_wall_1095_reg.hdf5,1095,vishuman_abdwall_set_05,False,True,False,False,True,True,False,True,False,False,True,False,False
fullwave_abdominal_wall,fullwave_abdominal_wall_1096_reg.hdf5,1096,vishuman_abdwall_set_12,False,False,True,True,False,False,True,False,False,True,False,True,False
fullwave_abdominal_wall,fullwave_abdominal_wall_1098_reg.hdf5,1098,vishuman_abdwall_set_07,False,True,False,False,True,True,False,True,False,True,False,False,True
fullwave_abdominal_wall,fullwave_abdominal_wall_1099_reg.hdf5,1099,vishuman_abdwall_set_13,False,False,True,True,False,False,True,True,False,True,False,True,False
fullwave_abdominal_wall,fullwave_abdominal_wall_1100_reg.hdf5,1100,vishuman_abdwall_cropped_5left153s,False,True,False,False,True,True,False,True,False,True,False,True,False
fullwave_abdominal_wall,fullwave_abdominal_wall_1101_reg.hdf5,1101,vishuman_abdwall_set_05,False,True,False,False,True,True,False,True,False,False,True,False,False
fullwave_abdominal_wall,fullwave_abdominal_wall_1102_reg.hdf5,1102,vishuman_abdwall_set_06,False,True,False,False,True,True,False,True,False,False,False,False,True
fullwave_abdominal_wall,fullwave_abdominal_wall_1103_reg.hdf5,1103,vishuman_abdwall_set_07,False,True,False,False,True,True,False,True,False,True,False,False,True
fullwave_abdominal_wall,fullwave_abdominal_wall_1105_reg.hdf5,1105,vishuman_abdwall_cropped_5left153s,False,True,False,False,True,True,False,True,False,True,False,True,False
fullwave_abdominal_wall,fullwave_abdominal_wall_1106_reg.hdf5,1106,vishuman_abdwall_set_10,False,False,True,True,False,True,False,False,True,True,False,True,False
fullwave_abdominal_wall,fullwave_abdominal_wall_1107_reg.hdf5,1107,vishuman_abdwall_set_10,False,False,True,True,False,True,False,False,True,True,False,True,False
fullwave_abdominal_wall,fullwave_abdominal_wall_1108_reg.hdf5,1108,vishuman_abdwall_set_10,False,False,True,True,False,True,False,False,True,True,False,True,False
fullwave_abdominal_wall,fullwave_abdominal_wall_1109_reg.hdf5,1109,vishuman_abdwall_set_12,False,False,True,True,False,False,True,False,False,True,False,True,False
fullwave_abdominal_wall,fullwave_abdominal_wall_1110_reg.hdf5,1110,vishuman_abdominal_cropped,False,True,False,True,False,True,False,True,False,True,False,True,False
fullwave_abdominal_wall,fullwave_abdominal_wall_1111_reg.hdf5,1111,vishuman_abdominal_cropped,False,True,False,True,False,True,False,True,False,True,False,True,False
fullwave_abdominal_wall,fullwave_abdominal_wall_1113_reg.hdf5,1113,vishuman_abdwall_set_04,False,True,False,False,True,True,False,True,False,False,True,True,False
fullwave_abdominal_wall,fullwave_abdominal_wall_1114_reg.hdf5,1114,vishuman_abdwall_cropped_6left153s,False,True,False,False,True,True,False,True,False,False,True,False,True
fullwave_abdominal_wall,fullwave_abdominal_wall_1115_reg.hdf5,1115,vishuman_abdwall_cropped_5left153s,False,True,False,False,True,True,False,True,False,True,False,True,False
fullwave_abdominal_wall,fullwave_abdominal_wall_1116_reg.hdf5,1116,vishuman_abdominal_cropped,False,True,False,True,False,True,False,True,False,True,False,True,False
fullwave_abdominal_wall,fullwave_abdominal_wall_1117_reg.hdf5,1117,vishuman_abdwall_set_12,False,False,True,True,False,False,True,False,False,True,False,True,False
fullwave_abdominal_wall,fullwave_abdominal_wall_1118_reg.hdf5,1118,vishuman_abdwall_set_07,False,True,False,False,True,True,False,True,False,True,False,False,True
fullwave_abdominal_wall,fullwave_abdominal_wall_1119_reg.hdf5,1119,vishuman_abdwall_set_10,False,False,True,True,False,True,False,False,True,True,False,True,False
fullwave_abdominal_wall,fullwave_abdominal_wall_1120_reg.hdf5,1120,vishuman_abdwall_cropped_7left153s,False,True,False,False,True,True,False,True,False,False,True,False,True
fullwave_abdominal_wall,fullwave_abdominal_wall_1121_reg.hdf5,1121,vishuman_abdwall_set_13,False,False,True,True,False,False,True,True,False,True,False,True,False
fullwave_abdominal_wall,fullwave_abdominal_wall_1122_reg.hdf5,1122,vishuman_abdwall_set_13,False,False,True,True,False,False,True,True,False,True,False,True,False
fullwave_abdominal_wall,fullwave_abdominal_wall_1123_reg.hdf5,1123,vishuman_abdominal_cropped,False,True,False,True,False,True,False,True,False,True,False,True,False
fullwave_abdominal_wall,fullwave_abdominal_wall_1124_reg.hdf5,1124,vishuman_abdwall_set_06,False,True,False,False,True,True,False,True,False,False,False,False,True
fullwave_abdominal_wall,fullwave_abdominal_wall_1125_reg.hdf5,1125,vishuman_abdwall_set_06,False,True,False,False,True,True,False,True,False,False,False,False,True
fullwave_abdominal_wall,fullwave_abdominal_wall_1126_reg.hdf5,1126,vishuman_abdwall_set_05,False,True,False,False,True,True,False,True,False,False,True,False,False
fullwave_abdominal_wall,fullwave_abdominal_wall_1127_reg.hdf5,1127,vishuman_abdwall_set_04,False,True,False,False,True,True,False,True,False,False,True,True,False
fullwave_abdominal_wall,fullwave_abdominal_wall_1128_reg.hdf5,1128,vishuman_abdwall_cropped_7-153s,False,False,True,True,False,False,True,False,True,True,False,True,False
fullwave_abdominal_wall,fullwave_abdominal_wall_1129_reg.hdf5,1129,vishuman_abdwall_set_12,False,False,True,True,False,False,True,False,False,True,False,True,False
fullwave_abdominal_wall,fullwave_abdominal_wall_1130_reg.hdf5,1130,vishuman_abdominal_cropped,False,True,False,True,False,True,False,True,False,True,False,True,False
fullwave_abdominal_wall,fullwave_abdominal_wall_1131_reg.hdf5,1131,vishuman_abdwall_set_04,False,True,False,False,True,True,False,True,False,False,True,True,False
fullwave_abdominal_wall,fullwave_abdominal_wall_1132_reg.hdf5,1132,vishuman_abdominal_cropped,False,True,False,True,False,True,False,True,False,True,False,True,False
fullwave_abdominal_wall,fullwave_abdominal_wall_1133_reg.hdf5,1133,vishuman_abdwall_cropped_7-153s,False,False,True,True,False,False,True,False,True,True,False,True,False
fullwave_abdominal_wall,fullwave_abdominal_wall_1134_reg.hdf5,1134,vishuman_abdwall_set_04,False,True,False,False,True,True,False,True,False,False,True,True,False
fullwave_abdominal_wall,fullwave_abdominal_wall_1135_reg.hdf5,1135,vishuman_abdwall_set_12,False,False,True,True,False,False,True,False,False,True,False,True,False
fullwave_abdominal_wall,fullwave_abdominal_wall_1136_reg.hdf5,1136,vishuman_abdwall_set_06,False,True,False,False,True,True,False,True,False,False,False,False,True
fullwave_abdominal_wall,fullwave_abdominal_wall_1137_reg.hdf5,1137,vishuman_abdwall_set_11,False,False,True,True,False,False,False,False,True,True,False,True,False
fullwave_abdominal_wall,fullwave_abdominal_wall_1138_reg.hdf5,1138,vishuman_abdwall_cropped_6left153s,False,True,False,False,True,True,False,True,False,False,True,False,True
fullwave_abdominal_wall,fullwave_abdominal_wall_1140_reg.hdf5,1140,vishuman_abdwall_cropped_5left153s,False,True,False,False,True,True,False,True,False,True,False,True,False
fullwave_abdominal_wall,fullwave_abdominal_wall_1141_reg.hdf5,1141,vishuman_abdwall_set_05,False,True,False,False,True,True,False,True,False,False,True,False,False
fullwave_abdominal_wall,fullwave_abdominal_wall_1142_reg.hdf5,1142,vishuman_abdominal_cropped,False,True,False,True,False,True,False,True,False,True,False,True,False
fullwave_abdominal_wall,fullwave_abdominal_wall_1143_reg.hdf5,1143,vishuman_abdwall_set_05,False,True,False,False,True,True,False,True,False,False,True,False,False
fullwave_abdominal_wall,fullwave_abdominal_wall_1145_reg.hdf5,1145,vishuman_abdwall_set_10,False,False,True,True,False,True,False,False,True,True,False,True,False
fullwave_abdominal_wall,fullwave_abdominal_wall_1146_reg.hdf5,1146,vishuman_abdwall_set_07,False,True,False,False,True,True,False,True,False,True,False,False,True
fullwave_abdominal_wall,fullwave_abdominal_wall_1147_reg.hdf5,1147,vishuman_abdwall_set_06,False,True,False,False,True,True,False,True,False,False,False,False,True
fullwave_abdominal_wall,fullwave_abdominal_wall_1148_reg.hdf5,1148,vishuman_abdwall_set_04,False,True,False,False,True,True,False,True,False,False,True,True,False
fullwave_abdominal_wall,fullwave_abdominal_wall_1149_reg.hdf5,1149,vishuman_abdwall_set_06,False,True,False,False,True,True,False,True,False,False,False,False,True
fullwave_abdominal_wall,fullwave_abdominal_wall_1151_reg.hdf5,1151,vishuman_abdwall_set_07,False,True,False,False,True,True,False,True,False,True,False,False,True
fullwave_abdominal_wall,fullwave_abdominal_wall_1152_reg.hdf5,1152,vishuman_abdwall_set_06,False,True,False,False,True,True,False,True,False,False,False,False,True
fullwave_abdominal_wall,fullwave_abdominal_wall_1153_reg.hdf5,1153,vishuman_abdwall_cropped_7left153s,False,True,False,False,True,True,False,True,False,False,True,False,True
fullwave_abdominal_wall,fullwave_abdominal_wall_1154_reg.hdf5,1154,vishuman_abdwall_cropped_7left153s,False,True,False,False,True,True,False,True,False,False,True,False,True
fullwave_abdominal_wall,fullwave_abdominal_wall_1155_reg.hdf5,1155,vishuman_abdwall_set_10,False,False,True,True,False,True,False,False,True,True,False,True,False
fullwave_abdominal_wall,fullwave_abdominal_wall_1156_reg.hdf5,1156,vishuman_abdwall_set_05,False,True,False,False,True,True,False,True,False,False,True,False,False
fullwave_abdominal_wall,fullwave_abdominal_wall_1157_reg.hdf5,1157,vishuman_abdwall_set_10,False,False,True,True,False,True,False,False,True,True,False,True,False
fullwave_abdominal_wall,fullwave_abdominal_wall_1158_reg.hdf5,1158,vishuman_abdwall_set_04,False,True,False,False,True,True,False,True,False,False,True,True,False
fullwave_abdominal_wall,fullwave_abdominal_wall_1159_reg.hdf5,1159,vishuman_abdwall_set_04,False,True,False,False,True,True,False,True,False,False,True,True,False
fullwave_abdominal_wall,fullwave_abdominal_wall_1160_reg.hdf5,1160,vishuman_abdwall_set_04,False,True,False,False,True,True,False,True,False,False,True,True,False
fullwave_abdominal_wall,fullwave_abdominal_wall_1161_reg.hdf5,1161,vishuman_abdwall_set_13,False,False,True,True,False,False,True,True,False,True,False,True,False
fullwave_abdominal_wall,fullwave_abdominal_wall_1162_reg.hdf5,1162,vishuman_abdwall_cropped_7left153s,False,True,False,False,True,True,False,True,False,False,True,False,True
fullwave_abdominal_wall,fullwave_abdominal_wall_1163_reg.hdf5,1163,vishuman_abdominal_cropped,False,True,False,True,False,True,False,True,False,True,False,True,False
fullwave_abdominal_wall,fullwave_abdominal_wall_1165_reg.hdf5,1165,vishuman_abdwall_set_05,False,True,False,False,True,True,False,True,False,False,True,False,False
fullwave_abdominal_wall,fullwave_abdominal_wall_1166_reg.hdf5,1166,vishuman_abdwall_set_10,False,False,True,True,False,True,False,False,True,True,False,True,False
fullwave_abdominal_wall,fullwave_abdominal_wall_1167_reg.hdf5,1167,vishuman_abdominal_cropped,False,True,False,True,False,True,False,True,False,True,False,True,False
fullwave_abdominal_wall,fullwave_abdominal_wall_1169_reg.hdf5,1169,vishuman_abdominal_cropped,False,True,False,True,False,True,False,True,False,True,False,True,False
fullwave_abdominal_wall,fullwave_abdominal_wall_1170_reg.hdf5,1170,vishuman_abdwall_cropped_7-153s,False,False,True,True,False,False,True,False,True,True,False,True,False
fullwave_abdominal_wall,fullwave_abdominal_wall_1171_reg.hdf5,1171,vishuman_abdwall_set_10,False,False,True,True,False,True,False,False,True,True,False,True,False
fullwave_abdominal_wall,fullwave_abdominal_wall_1172_reg.hdf5,1172,vishuman_abdwall_cropped_6left153s,False,True,False,False,True,True,False,True,False,False,True,False,True
fullwave_abdominal_wall,fullwave_abdominal_wall_1174_reg.hdf5,1174,vishuman_abdwall_cropped_7-153s,False,False,True,True,False,False,True,False,True,True,False,True,False
fullwave_abdominal_wall,fullwave_abdominal_wall_1175_reg.hdf5,1175,vishuman_abdwall_cropped_5left153s,False,True,False,False,True,True,False,True,False,True,False,True,False
fullwave_abdominal_wall,fullwave_abdominal_wall_1176_reg.hdf5,1176,vishuman_abdwall_set_04,False,True,False,False,True,True,False,True,False,False,True,True,False
fullwave_abdominal_wall,fullwave_abdominal_wall_1178_reg.hdf5,1178,vishuman_abdwall_cropped_7-153s,False,False,True,True,False,False,True,False,True,True,False,True,False
fullwave_abdominal_wall,fullwave_abdominal_wall_1179_reg.hdf5,1179,vishuman_abdwall_set_13,False,False,True,True,False,False,True,True,False,True,False,True,False
fullwave_abdominal_wall,fullwave_abdominal_wall_1180_reg.hdf5,1180,vishuman_abdwall_cropped_7-153s,False,False,True,True,False,False,True,False,True,True,False,True,False
fullwave_abdominal_wall,fullwave_abdominal_wall_1181_reg.hdf5,1181,vishuman_abdwall_set_10,False,False,True,True,False,True,False,False,True,True,False,True,False
fullwave_abdominal_wall,fullwave_abdominal_wall_1182_reg.hdf5,1182,vishuman_abdwall_set_04,False,True,False,False,True,True,False,True,False,False,True,True,False
fullwave_abdominal_wall,fullwave_abdominal_wall_1183_reg.hdf5,1183,vishuman_abdwall_set_12,False,False,True,True,False,False,True,False,False,True,False,True,False
fullwave_abdominal_wall,fullwave_abdominal_wall_1184_reg.hdf5,1184,vishuman_abdwall_set_12,False,False,True,True,False,False,True,False,False,True,False,True,False
fullwave_abdominal_wall,fullwave_abdominal_wall_1185_reg.hdf5,1185,vishuman_abdwall_cropped_7-153s,False,False,True,True,False,False,True,False,True,True,False,True,False
fullwave_abdominal_wall,fullwave_abdominal_wall_1186_reg.hdf5,1186,vishuman_abdwall_set_10,False,False,True,True,False,True,False,False,True,True,False,True,False
fullwave_abdominal_wall,fullwave_abdominal_wall_1187_reg.hdf5,1187,vishuman_abdwall_set_10,False,False,True,True,False,True,False,False,True,True,False,True,False
fullwave_abdominal_wall,fullwave_abdominal_wall_1189_reg.hdf5,1189,vishuman_abdwall_cropped_7left153s,False,True,False,False,True,True,False,True,False,False,True,False,True
fullwave_abdominal_wall,fullwave_abdominal_wall_1190_reg.hdf5,1190,vishuman_abdwall_set_06,False,True,False,False,True,True,False,True,False,False,False,False,True
fullwave_abdominal_wall,fullwave_abdominal_wall_1191_reg.hdf5,1191,vishuman_abdwall_set_10,False,False,True,True,False,True,False,False,True,True,False,True,False
fullwave_abdominal_wall,fullwave_abdominal_wall_1192_reg.hdf5,1192,vishuman_abdwall_set_10,False,False,True,True,False,True,False,False,True,True,False,True,False
fullwave_abdominal_wall,fullwave_abdominal_wall_1197_reg.hdf5,1197,vishuman_abdwall_set_04,False,True,False,False,True,True,False,True,False,False,True,True,False
fullwave_abdominal_wall,fullwave_abdominal_wall_1198_reg.hdf5,1198,vishuman_abdwall_set_04,False,True,False,False,True,True,False,True,False,False,True,True,False
fullwave_abdominal_wall,fullwave_abdominal_wall_1199_reg.hdf5,1199,vishuman_abdwall_set_05,False,True,False,False,True,True,False,True,False,False,True,False,False
fullwave_abdominal_wall,fullwave_abdominal_wall_1201_reg.hdf5,1201,vishuman_abdwall_set_12,False,False,True,True,False,False,True,False,False,True,False,True,False
fullwave_abdominal_wall,fullwave_abdominal_wall_1205_reg.hdf5,1205,vishuman_abdominal_cropped,False,True,False,True,False,True,False,True,False,True,False,True,False
fullwave_abdominal_wall,fullwave_abdominal_wall_1207_reg.hdf5,1207,vishuman_abdominal_cropped,False,True,False,True,False,True,False,True,False,True,False,True,False
fullwave_abdominal_wall,fullwave_abdominal_wall_1209_reg.hdf5,1209,vishuman_abdominal_cropped,False,True,False,True,False,True,False,True,False,True,False,True,False
fullwave_abdominal_wall,fullwave_abdominal_wall_1210_reg.hdf5,1210,vishuman_abdwall_set_04,False,True,False,False,True,True,False,True,False,False,True,True,False
fullwave_abdominal_wall,fullwave_abdominal_wall_1211_reg.hdf5,1211,vishuman_abdwall_set_04,False,True,False,False,True,True,False,True,False,False,True,True,False
fullwave_abdominal_wall,fullwave_abdominal_wall_1212_reg.hdf5,1212,vishuman_abdwall_cropped_7-153s,False,False,True,True,False,False,True,False,True,True,False,True,False
fullwave_abdominal_wall,fullwave_abdominal_wall_1215_reg.hdf5,1215,vishuman_abdwall_cropped_7-153s,False,False,True,True,False,False,True,False,True,True,False,True,False
fullwave_abdominal_wall,fullwave_abdominal_wall_1217_reg.hdf5,1217,vishuman_abdwall_cropped_7left153s,False,True,False,False,True,True,False,True,False,False,True,False,True
fullwave_abdominal_wall,fullwave_abdominal_wall_1219_reg.hdf5,1219,vishuman_abdwall_cropped_6left153s,False,True,False,False,True,True,False,True,False,False,True,False,True
fullwave_abdominal_wall,fullwave_abdominal_wall_1220_reg.hdf5,1220,vishuman_abdwall_set_10,False,False,True,True,False,True,False,False,True,True,False,True,False
fullwave_abdominal_wall,fullwave_abdominal_wall_1221_reg.hdf5,1221,vishuman_abdwall_cropped_5left153s,False,True,False,False,True,True,False,True,False,True,False,True,False
fullwave_abdominal_wall,fullwave_abdominal_wall_1222_reg.hdf5,1222,vishuman_abdwall_set_04,False,True,False,False,True,True,False,True,False,False,True,True,False
fullwave_abdominal_wall,fullwave_abdominal_wall_1223_reg.hdf5,1223,vishuman_abdominal_cropped,False,True,False,True,False,True,False,True,False,True,False,True,False
fullwave_abdominal_wall,fullwave_abdominal_wall_1225_reg.hdf5,1225,vishuman_abdwall_set_05,False,True,False,False,True,True,False,True,False,False,True,False,False
fullwave_abdominal_wall,fullwave_abdominal_wall_1226_reg.hdf5,1226,vishuman_abdwall_set_07,False,True,False,False,True,True,False,True,False,True,False,False,True
fullwave_abdominal_wall,fullwave_abdominal_wall_1227_reg.hdf5,1227,vishuman_abdwall_set_12,False,False,True,True,False,False,True,False,False,True,False,True,False
fullwave_abdominal_wall,fullwave_abdominal_wall_1228_reg.hdf5,1228,vishuman_abdwall_set_12,False,False,True,True,False,False,True,False,False,True,False,True,False
fullwave_abdominal_wall,fullwave_abdominal_wall_1229_reg.hdf5,1229,vishuman_abdwall_set_06,False,True,False,False,True,True,False,True,False,False,False,False,True
fullwave_abdominal_wall,fullwave_abdominal_wall_1230_reg.hdf5,1230,vishuman_abdwall_set_10,False,False,True,True,False,True,False,False,True,True,False,True,False
fullwave_abdominal_wall,fullwave_abdominal_wall_1231_reg.hdf5,1231,vishuman_abdominal_cropped,False,True,False,True,False,True,False,True,False,True,False,True,False
fullwave_abdominal_wall,fullwave_abdominal_wall_1232_reg.hdf5,1232,vishuman_abdwall_set_05,False,True,False,False,True,True,False,True,False,False,True,False,False
fullwave_abdominal_wall,fullwave_abdominal_wall_1233_reg.hdf5,1233,vishuman_abdwall_set_06,False,True,False,False,True,True,False,True,False,False,False,False,True
fullwave_abdominal_wall,fullwave_abdominal_wall_1234_reg.hdf5,1234,vishuman_abdwall_set_06,False,True,False,False,True,True,False,True,False,False,False,False,True
fullwave_abdominal_wall,fullwave_abdominal_wall_1235_reg.hdf5,1235,vishuman_abdwall_cropped_6left153s,False,True,False,False,True,True,False,True,False,False,True,False,True
fullwave_abdominal_wall,fullwave_abdominal_wall_1236_reg.hdf5,1236,vishuman_abdwall_set_11,False,False,True,True,False,False,False,False,True,True,False,True,False
fullwave_abdominal_wall,fullwave_abdominal_wall_1237_reg.hdf5,1237,vishuman_abdwall_set_12,False,False,True,True,False,False,True,False,False,True,False,True,False
fullwave_abdominal_wall,fullwave_abdominal_wall_1241_reg.hdf5,1241,vishuman_abdwall_set_12,False,False,True,True,False,False,True,False,False,True,False,True,False
fullwave_abdominal_wall,fullwave_abdominal_wall_1243_reg.hdf5,1243,vishuman_abdwall_set_10,False,False,True,True,False,True,False,False,True,True,False,True,False
fullwave_abdominal_wall,fullwave_abdominal_wall_1244_reg.hdf5,1244,vishuman_abdwall_set_05,False,True,False,False,True,True,False,True,False,False,True,False,False
fullwave_abdominal_wall,fullwave_abdominal_wall_1245_reg.hdf5,1245,vishuman_abdwall_set_12,False,False,True,True,False,False,True,False,False,True,False,True,False
fullwave_abdominal_wall,fullwave_abdominal_wall_1247_reg.hdf5,1247,vishuman_abdwall_set_07,False,True,False,False,True,True,False,True,False,True,False,False,True
fullwave_abdominal_wall,fullwave_abdominal_wall_1248_reg.hdf5,1248,vishuman_abdwall_set_13,False,False,True,True,False,False,True,True,False,True,False,True,False
fullwave_abdominal_wall,fullwave_abdominal_wall_1249_reg.hdf5,1249,vishuman_abdwall_cropped_5left153s,False,True,False,False,True,True,False,True,False,True,False,True,False
fullwave_abdominal_wall,fullwave_abdominal_wall_1250_reg.hdf5,1250,vishuman_abdwall_cropped_5left153s,False,True,False,False,True,True,False,True,False,True,False,True,False
fullwave_abdominal_wall,fullwave_abdominal_wall_1254_reg.hdf5,1254,vishuman_abdwall_set_04,False,True,False,False,True,True,False,True,False,False,True,True,False
fullwave_abdominal_wall,fullwave_abdominal_wall_1255_reg.hdf5,1255,vishuman_abdwall_set_11,False,False,True,True,False,False,False,False,True,True,False,True,False
fullwave_abdominal_wall,fullwave_abdominal_wall_1256_reg.hdf5,1256,vishuman_abdwall_set_06,False,True,False,False,True,True,False,True,False,False,False,False,True
fullwave_abdominal_wall,fullwave_abdominal_wall_1257_reg.hdf5,1257,vishuman_abdwall_set_07,False,True,False,False,True,True,False,True,False,True,False,False,True
fullwave_abdominal_wall,fullwave_abdominal_wall_1258_reg.hdf5,1258,vishuman_abdwall_set_11,False,False,True,True,False,False,False,False,True,True,False,True,False
fullwave_abdominal_wall,fullwave_abdominal_wall_1259_reg.hdf5,1259,vishuman_abdwall_set_06,False,True,False,False,True,True,False,True,False,False,False,False,True
fullwave_abdominal_wall,fullwave_abdominal_wall_1260_reg.hdf5,1260,vishuman_abdwall_cropped_6left153s,False,True,False,False,True,True,False,True,False,False,True,False,True
fullwave_abdominal_wall,fullwave_abdominal_wall_1261_reg.hdf5,1261,vishuman_abdwall_set_05,False,True,False,False,True,True,False,True,False,False,True,False,False
fullwave_abdominal_wall,fullwave_abdominal_wall_1262_reg.hdf5,1262,vishuman_abdwall_cropped_6left153s,False,True,False,False,True,True,False,True,False,False,True,False,True
fullwave_abdominal_wall,fullwave_abdominal_wall_1263_reg.hdf5,1263,vishuman_abdwall_set_06,False,True,False,False,True,True,False,True,False,False,False,False,True
fullwave_abdominal_wall,fullwave_abdominal_wall_1264_reg.hdf5,1264,vishuman_abdwall_set_04,False,True,False,False,True,True,False,True,False,False,True,True,False
fullwave_abdominal_wall,fullwave_abdominal_wall_1265_reg.hdf5,1265,vishuman_abdwall_cropped_7-153s,False,False,True,True,False,False,True,False,True,True,False,True,False
fullwave_abdominal_wall,fullwave_abdominal_wall_1266_reg.hdf5,1266,vishuman_abdwall_set_11,False,False,True,True,False,False,False,False,True,True,False,True,False
fullwave_abdominal_wall,fullwave_abdominal_wall_1268_reg.hdf5,1268,vishuman_abdwall_cropped_6left153s,False,True,False,False,True,True,False,True,False,False,True,False,True
fullwave_abdominal_wall,fullwave_abdominal_wall_1269_reg.hdf5,1269,vishuman_abdwall_cropped_6left153s,False,True,False,False,True,True,False,True,False,False,True,False,True
fullwave_abdominal_wall,fullwave_abdominal_wall_1270_reg.hdf5,1270,vishuman_abdwall_cropped_6left153s,False,True,False,False,True,True,False,True,False,False,True,False,True
fullwave_abdominal_wall,fullwave_abdominal_wall_1271_reg.hdf5,1271,vishuman_abdwall_set_04,False,True,False,False,True,True,False,True,False,False,True,True,False
fullwave_abdominal_wall,fullwave_abdominal_wall_1272_reg.hdf5,1272,vishuman_abdwall_set_04,False,True,False,False,True,True,False,True,False,False,True,True,False
fullwave_abdominal_wall,fullwave_abdominal_wall_1273_reg.hdf5,1273,vishuman_abdwall_set_13,False,False,True,True,False,False,True,True,False,True,False,True,False
fullwave_abdominal_wall,fullwave_abdominal_wall_1274_reg.hdf5,1274,vishuman_abdwall_set_10,False,False,True,True,False,True,False,False,True,True,False,True,False
fullwave_abdominal_wall,fullwave_abdominal_wall_1276_reg.hdf5,1276,vishuman_abdwall_set_13,False,False,True,True,False,False,True,True,False,True,False,True,False
fullwave_abdominal_wall,fullwave_abdominal_wall_1277_reg.hdf5,1277,vishuman_abdwall_set_13,False,False,True,True,False,False,True,True,False,True,False,True,False
fullwave_abdominal_wall,fullwave_abdominal_wall_1279_reg.hdf5,1279,vishuman_abdominal_cropped,False,True,False,True,False,True,False,True,False,True,False,True,False
fullwave_abdominal_wall,fullwave_abdominal_wall_1280_reg.hdf5,1280,vishuman_abdwall_set_07,False,True,False,False,True,True,False,True,False,True,False,False,True
fullwave_abdominal_wall,fullwave_abdominal_wall_1282_reg.hdf5,1282,vishuman_abdwall_set_05,False,True,False,False,True,True,False,True,False,False,True,False,False
fullwave_abdominal_wall,fullwave_abdominal_wall_1283_reg.hdf5,1283,vishuman_abdwall_cropped_6left153s,False,True,False,False,True,True,False,True,False,False,True,False,True
fullwave_abdominal_wall,fullwave_abdominal_wall_1284_reg.hdf5,1284,vishuman_abdwall_set_11,False,False,True,True,False,False,False,False,True,True,False,True,False
fullwave_abdominal_wall,fullwave_abdominal_wall_1285_reg.hdf5,1285,vishuman_abdwall_set_05,False,True,False,False,True,True,False,True,False,False,True,False,False
fullwave_abdominal_wall,fullwave_abdominal_wall_1286_reg.hdf5,1286,vishuman_abdwall_cropped_6left153s,False,True,False,False,True,True,False,True,False,False,True,False,True
fullwave_abdominal_wall,fullwave_abdominal_wall_1287_reg.hdf5,1287,vishuman_abdwall_set_13,False,False,True,True,False,False,True,True,False,True,False,True,False
fullwave_abdominal_wall,fullwave_abdominal_wall_1288_reg.hdf5,1288,vishuman_abdwall_set_04,False,True,False,False,True,True,False,True,False,False,True,True,False
fullwave_abdominal_wall,fullwave_abdominal_wall_1290_reg.hdf5,1290,vishuman_abdwall_cropped_6left153s,False,True,False,False,True,True,False,True,False,False,True,False,True
fullwave_abdominal_wall,fullwave_abdominal_wall_1292_reg.hdf5,1292,vishuman_abdwall_set_13,False,False,True,True,False,False,True,True,False,True,False,True,False
fullwave_abdominal_wall,fullwave_abdominal_wall_1293_reg.hdf5,1293,vishuman_abdwall_set_12,False,False,True,True,False,False,True,False,False,True,False,True,False
fullwave_abdominal_wall,fullwave_abdominal_wall_1302_reg.hdf5,1302,vishuman_abdwall_set_13,False,False,True,True,False,False,True,True,False,True,False,True,False
fullwave_abdominal_wall,fullwave_abdominal_wall_1303_reg.hdf5,1303,vishuman_abdwall_set_04,False,True,False,False,True,True,False,True,False,False,True,True,False
fullwave_abdominal_wall,fullwave_abdominal_wall_1304_reg.hdf5,1304,vishuman_abdwall_set_11,False,False,True,True,False,False,False,False,True,True,False,True,False
fullwave_abdominal_wall,fullwave_abdominal_wall_1305_reg.hdf5,1305,vishuman_abdwall_set_06,False,True,False,False,True,True,False,True,False,False,False,False,True
fullwave_abdominal_wall,fullwave_abdominal_wall_1306_reg.hdf5,1306,vishuman_abdwall_cropped_5left153s,False,True,False,False,True,True,False,True,False,True,False,True,False
fullwave_abdominal_wall,fullwave_abdominal_wall_1307_reg.hdf5,1307,vishuman_abdwall_set_12,False,False,True,True,False,False,True,False,False,True,False,True,False
fullwave_abdominal_wall,fullwave_abdominal_wall_1308_reg.hdf5,1308,vishuman_abdwall_set_06,False,True,False,False,True,True,False,True,False,False,False,False,True
fullwave_abdominal_wall,fullwave_abdominal_wall_1309_reg.hdf5,1309,vishuman_abdwall_cropped_6left153s,False,True,False,False,True,True,False,True,False,False,True,False,True
fullwave_abdominal_wall,fullwave_abdominal_wall_1310_reg.hdf5,1310,vishuman_abdwall_set_12,False,False,True,True,False,False,True,False,False,True,False,True,False
fullwave_abdominal_wall,fullwave_abdominal_wall_1311_reg.hdf5,1311,vishuman_abdwall_set_05,False,True,False,False,True,True,False,True,False,False,True,False,False
fullwave_abdominal_wall,fullwave_abdominal_wall_1312_reg.hdf5,1312,vishuman_abdominal_cropped,False,True,False,True,False,True,False,True,False,True,False,True,False
fullwave_abdominal_wall,fullwave_abdominal_wall_1313_reg.hdf5,1313,vishuman_abdwall_set_06,False,True,False,False,True,True,False,True,False,False,False,False,True
fullwave_abdominal_wall,fullwave_abdominal_wall_1314_reg.hdf5,1314,vishuman_abdwall_cropped_5left153s,False,True,False,False,True,True,False,True,False,True,False,True,False
fullwave_abdominal_wall,fullwave_abdominal_wall_1315_reg.hdf5,1315,vishuman_abdwall_set_04,False,True,False,False,True,True,False,True,False,False,True,True,False
fullwave_abdominal_wall,fullwave_abdominal_wall_1317_reg.hdf5,1317,vishuman_abdwall_set_05,False,True,False,False,True,True,False,True,False,False,True,False,False
fullwave_abdominal_wall,fullwave_abdominal_wall_1318_reg.hdf5,1318,vishuman_abdwall_set_07,False,True,False,False,True,True,False,True,False,True,False,False,True
fullwave_abdominal_wall,fullwave_abdominal_wall_1319_reg.hdf5,1319,vishuman_abdwall_set_12,False,False,True,True,False,False,True,False,False,True,False,True,False
fullwave_abdominal_wall,fullwave_abdominal_wall_1320_reg.hdf5,1320,vishuman_abdwall_set_10,False,False,True,True,False,True,False,False,True,True,False,True,False
fullwave_abdominal_wall,fullwave_abdominal_wall_1321_reg.hdf5,1321,vishuman_abdwall_set_11,False,False,True,True,False,False,False,False,True,True,False,True,False
fullwave_abdominal_wall,fullwave_abdominal_wall_1322_reg.hdf5,1322,vishuman_abdwall_set_06,False,True,False,False,True,True,False,True,False,False,False,False,True
fullwave_abdominal_wall,fullwave_abdominal_wall_1323_reg.hdf5,1323,vishuman_abdominal_cropped,False,True,False,True,False,True,False,True,False,True,False,True,False
fullwave_abdominal_wall,fullwave_abdominal_wall_1324_reg.hdf5,1324,vishuman_abdwall_cropped_5left153s,False,True,False,False,True,True,False,True,False,True,False,True,False
fullwave_abdominal_wall,fullwave_abdominal_wall_1325_reg.hdf5,1325,vishuman_abdwall_set_07,False,True,False,False,True,True,False,True,False,True,False,False,True
fullwave_abdominal_wall,fullwave_abdominal_wall_1326_reg.hdf5,1326,vishuman_abdwall_set_07,False,True,False,False,True,True,False,True,False,True,False,False,True
fullwave_abdominal_wall,fullwave_abdominal_wall_1327_reg.hdf5,1327,vishuman_abdwall_set_06,False,True,False,False,True,True,False,True,False,False,False,False,True
fullwave_abdominal_wall,fullwave_abdominal_wall_1328_reg.hdf5,1328,vishuman_abdwall_set_13,False,False,True,True,False,False,True,True,False,True,False,True,False
fullwave_abdominal_wall,fullwave_abdominal_wall_1329_reg.hdf5,1329,vishuman_abdwall_cropped_7-153s,False,False,True,True,False,False,True,False,True,True,False,True,False
fullwave_abdominal_wall,fullwave_abdominal_wall_1330_reg.hdf5,1330,vishuman_abdwall_set_07,False,True,False,False,True,True,False,True,False,True,False,False,True
fullwave_abdominal_wall,fullwave_abdominal_wall_1331_reg.hdf5,1331,vishuman_abdominal_cropped,False,True,False,True,False,True,False,True,False,True,False,True,False
fullwave_abdominal_wall,fullwave_abdominal_wall_1332_reg.hdf5,1332,vishuman_abdwall_set_07,False,True,False,False,True,True,False,True,False,True,False,False,True
fullwave_abdominal_wall,fullwave_abdominal_wall_1333_reg.hdf5,1333,vishuman_abdwall_set_05,False,True,False,False,True,True,False,True,False,False,True,False,False
fullwave_abdominal_wall,fullwave_abdominal_wall_1334_reg.hdf5,1334,vishuman_abdwall_set_04,False,True,False,False,True,True,False,True,False,False,True,True,False
fullwave_abdominal_wall,fullwave_abdominal_wall_1335_reg.hdf5,1335,vishuman_abdwall_set_11,False,False,True,True,False,False,False,False,True,True,False,True,False
fullwave_abdominal_wall,fullwave_abdominal_wall_1336_reg.hdf5,1336,vishuman_abdwall_cropped_7left153s,False,True,False,False,True,True,False,True,False,False,True,False,True
fullwave_abdominal_wall,fullwave_abdominal_wall_1337_reg.hdf5,1337,vishuman_abdwall_set_13,False,False,True,True,False,False,True,True,False,True,False,True,False
fullwave_abdominal_wall,fullwave_abdominal_wall_1338_reg.hdf5,1338,vishuman_abdwall_cropped_5left153s,False,True,False,False,True,True,False,True,False,True,False,True,False
fullwave_abdominal_wall,fullwave_abdominal_wall_1339_reg.hdf5,1339,vishuman_abdwall_cropped_5left153s,False,True,False,False,True,True,False,True,False,True,False,True,False
fullwave_abdominal_wall,fullwave_abdominal_wall_1340_reg.hdf5,1340,vishuman_abdwall_set_07,False,True,False,False,True,True,False,True,False,True,False,False,True
fullwave_abdominal_wall,fullwave_abdominal_wall_1341_reg.hdf5,1341,vishuman_abdwall_cropped_5left153s,False,True,False,False,True,True,False,True,False,True,False,True,False
fullwave_abdominal_wall,fullwave_abdominal_wall_1342_reg.hdf5,1342,vishuman_abdwall_set_06,False,True,False,False,True,True,False,True,False,False,False,False,True
fullwave_abdominal_wall,fullwave_abdominal_wall_1343_reg.hdf5,1343,vishuman_abdwall_set_13,False,False,True,True,False,False,True,True,False,True,False,True,False
fullwave_abdominal_wall,fullwave_abdominal_wall_1344_reg.hdf5,1344,vishuman_abdominal_cropped,False,True,False,True,False,True,False,True,False,True,False,True,False
fullwave_abdominal_wall,fullwave_abdominal_wall_1345_reg.hdf5,1345,vishuman_abdwall_set_11,False,False,True,True,False,False,False,False,True,True,False,True,False
fullwave_abdominal_wall,fullwave_abdominal_wall_1346_reg.hdf5,1346,vishuman_abdwall_set_04,False,True,False,False,True,True,False,True,False,False,True,True,False
fullwave_abdominal_wall,fullwave_abdominal_wall_1347_reg.hdf5,1347,vishuman_abdwall_set_13,False,False,True,True,False,False,True,True,False,True,False,True,False
fullwave_abdominal_wall,fullwave_abdominal_wall_1348_reg.hdf5,1348,vishuman_abdwall_set_05,False,True,False,False,True,True,False,True,False,False,True,False,False
fullwave_abdominal_wall,fullwave_abdominal_wall_1349_reg.hdf5,1349,vishuman_abdwall_set_07,False,True,False,False,True,True,False,True,False,True,False,False,True
fullwave_abdominal_wall,fullwave_abdominal_wall_1351_reg.hdf5,1351,vishuman_abdwall_cropped_7left153s,False,True,False,False,True,True,False,True,False,False,True,False,True
fullwave_abdominal_wall,fullwave_abdominal_wall_1352_reg.hdf5,1352,vishuman_abdwall_set_13,False,False,True,True,False,False,True,True,False,True,False,True,False
fullwave_abdominal_wall,fullwave_abdominal_wall_1353_reg.hdf5,1353,vishuman_abdominal_cropped,False,True,False,True,False,True,False,True,False,True,False,True,False
fullwave_abdominal_wall,fullwave_abdominal_wall_1354_reg.hdf5,1354,vishuman_abdwall_set_07,False,True,False,False,True,True,False,True,False,True,False,False,True
fullwave_abdominal_wall,fullwave_abdominal_wall_1355_reg.hdf5,1355,vishuman_abdwall_set_07,False,True,False,False,True,True,False,True,False,True,False,False,True
fullwave_abdominal_wall,fullwave_abdominal_wall_1356_reg.hdf5,1356,vishuman_abdwall_cropped_5left153s,False,True,False,False,True,True,False,True,False,True,False,True,False
fullwave_abdominal_wall,fullwave_abdominal_wall_1357_reg.hdf5,1357,vishuman_abdominal_cropped,False,True,False,True,False,True,False,True,False,True,False,True,False
fullwave_abdominal_wall,fullwave_abdominal_wall_1358_reg.hdf5,1358,vishuman_abdwall_set_07,False,True,False,False,True,True,False,True,False,True,False,False,True
fullwave_abdominal_wall,fullwave_abdominal_wall_1359_reg.hdf5,1359,vishuman_abdominal_cropped,False,True,False,True,False,True,False,True,False,True,False,True,False
fullwave_abdominal_wall,fullwave_abdominal_wall_1360_reg.hdf5,1360,vishuman_abdwall_cropped_7-153s,False,False,True,True,False,False,True,False,True,True,False,True,False
fullwave_abdominal_wall,fullwave_abdominal_wall_1361_reg.hdf5,1361,vishuman_abdwall_cropped_7-153s,False,False,True,True,False,False,True,False,True,True,False,True,False
fullwave_abdominal_wall,fullwave_abdominal_wall_1362_reg.hdf5,1362,vishuman_abdwall_cropped_7-153s,False,False,True,True,False,False,True,False,True,True,False,True,False
fullwave_abdominal_wall,fullwave_abdominal_wall_1363_reg.hdf5,1363,vishuman_abdwall_set_04,False,True,False,False,True,True,False,True,False,False,True,True,False
fullwave_abdominal_wall,fullwave_abdominal_wall_1364_reg.hdf5,1364,vishuman_abdwall_set_10,False,False,True,True,False,True,False,False,True,True,False,True,False
fullwave_abdominal_wall,fullwave_abdominal_wall_1365_reg.hdf5,1365,vishuman_abdwall_cropped_5left153s,False,True,False,False,True,True,False,True,False,True,False,True,False
fullwave_abdominal_wall,fullwave_abdominal_wall_1366_reg.hdf5,1366,vishuman_abdwall_set_05,False,True,False,False,True,True,False,True,False,False,True,False,False
fullwave_abdominal_wall,fullwave_abdominal_wall_1367_reg.hdf5,1367,vishuman_abdwall_set_05,False,True,False,False,True,True,False,True,False,False,True,False,False
fullwave_abdominal_wall,fullwave_abdominal_wall_1368_reg.hdf5,1368,vishuman_abdwall_set_12,False,False,True,True,False,False,True,False,False,True,False,True,False
fullwave_abdominal_wall,fullwave_abdominal_wall_1369_reg.hdf5,1369,vishuman_abdwall_set_12,False,False,True,True,False,False,True,False,False,True,False,True,False
fullwave_abdominal_wall,fullwave_abdominal_wall_1370_reg.hdf5,1370,vishuman_abdwall_cropped_7-153s,False,False,True,True,False,False,True,False,True,True,False,True,False
fullwave_abdominal_wall,fullwave_abdominal_wall_1371_reg.hdf5,1371,vishuman_abdwall_set_13,False,False,True,True,False,False,True,True,False,True,False,True,False
fullwave_abdominal_wall,fullwave_abdominal_wall_1372_reg.hdf5,1372,vishuman_abdwall_set_11,False,False,True,True,False,False,False,False,True,True,False,True,False
fullwave_abdominal_wall,fullwave_abdominal_wall_1373_reg.hdf5,1373,vishuman_abdwall_cropped_6left153s,False,True,False,False,True,True,False,True,False,False,True,False,True
fullwave_abdominal_wall,fullwave_abdominal_wall_1374_reg.hdf5,1374,vishuman_abdwall_set_05,False,True,False,False,True,True,False,True,False,False,True,False,False
fullwave_abdominal_wall,fullwave_abdominal_wall_1375_reg.hdf5,1375,vishuman_abdwall_cropped_7-153s,False,False,True,True,False,False,True,False,True,True,False,True,False
fullwave_abdominal_wall,fullwave_abdominal_wall_1376_reg.hdf5,1376,vishuman_abdwall_set_11,False,False,True,True,False,False,False,False,True,True,False,True,False
fullwave_abdominal_wall,fullwave_abdominal_wall_1377_reg.hdf5,1377,vishuman_abdwall_set_11,False,False,True,True,False,False,False,False,True,True,False,True,False
fullwave_abdominal_wall,fullwave_abdominal_wall_1378_reg.hdf5,1378,vishuman_abdwall_set_04,False,True,False,False,True,True,False,True,False,False,True,True,False
fullwave_abdominal_wall,fullwave_abdominal_wall_1379_reg.hdf5,1379,vishuman_abdwall_set_10,False,False,True,True,False,True,False,False,True,True,False,True,False
fullwave_abdominal_wall,fullwave_abdominal_wall_1380_reg.hdf5,1380,vishuman_abdwall_set_04,False,True,False,False,True,True,False,True,False,False,True,True,False
fullwave_abdominal_wall,fullwave_abdominal_wall_1381_reg.hdf5,1381,vishuman_abdwall_cropped_5left153s,False,True,False,False,True,True,False,True,False,True,False,True,False
fullwave_abdominal_wall,fullwave_abdominal_wall_1382_reg.hdf5,1382,vishuman_abdwall_set_05,False,True,False,False,True,True,False,True,False,False,True,False,False
fullwave_abdominal_wall,fullwave_abdominal_wall_1383_reg.hdf5,1383,vishuman_abdwall_set_07,False,True,False,False,True,True,False,True,False,True,False,False,True
fullwave_abdominal_wall,fullwave_abdominal_wall_1384_reg.hdf5,1384,vishuman_abdwall_set_10,False,False,True,True,False,True,False,False,True,True,False,True,False
fullwave_abdominal_wall,fullwave_abdominal_wall_1385_reg.hdf5,1385,vishuman_abdwall_set_07,False,True,False,False,True,True,False,True,False,True,False,False,True
fullwave_abdominal_wall,fullwave_abdominal_wall_1386_reg.hdf5,1386,vishuman_abdwall_cropped_5left153s,False,True,False,False,True,True,False,True,False,True,False,True,False
fullwave_abdominal_wall,fullwave_abdominal_wall_1387_reg.hdf5,1387,vishuman_abdwall_set_05,False,True,False,False,True,True,False,True,False,False,True,False,False
fullwave_abdominal_wall,fullwave_abdominal_wall_1388_reg.hdf5,1388,vishuman_abdwall_set_10,False,False,True,True,False,True,False,False,True,True,False,True,False
fullwave_abdominal_wall,fullwave_abdominal_wall_1389_reg.hdf5,1389,vishuman_abdwall_set_04,False,True,False,False,True,True,False,True,False,False,True,True,False
fullwave_abdominal_wall,fullwave_abdominal_wall_1391_reg.hdf5,1391,vishuman_abdwall_set_10,False,False,True,True,False,True,False,False,True,True,False,True,False
fullwave_abdominal_wall,fullwave_abdominal_wall_1393_reg.hdf5,1393,vishuman_abdwall_cropped_5left153s,False,True,False,False,True,True,False,True,False,True,False,True,False
fullwave_abdominal_wall,fullwave_abdominal_wall_1394_reg.hdf5,1394,vishuman_abdwall_set_11,False,False,True,True,False,False,False,False,True,True,False,True,False
fullwave_abdominal_wall,fullwave_abdominal_wall_1396_reg.hdf5,1396,vishuman_abdwall_set_13,False,False,True,True,False,False,True,True,False,True,False,True,False
fullwave_abdominal_wall,fullwave_abdominal_wall_1397_reg.hdf5,1397,vishuman_abdwall_set_04,False,True,False,False,True,True,False,True,False,False,True,True,False
fullwave_abdominal_wall,fullwave_abdominal_wall_1398_reg.hdf5,1398,vishuman_abdwall_set_04,False,True,False,False,True,True,False,True,False,False,True,True,False
fullwave_abdominal_wall,fullwave_abdominal_wall_1399_reg.hdf5,1399,vishuman_abdwall_set_05,False,True,False,False,True,True,False,True,False,False,True,False,False
fullwave_abdominal_wall,fullwave_abdominal_wall_1401_reg.hdf5,1401,vishuman_abdwall_set_12,False,False,True,True,False,False,True,False,False,True,False,True,False
fullwave_abdominal_wall,fullwave_abdominal_wall_1402_reg.hdf5,1402,vishuman_abdwall_set_10,False,False,True,True,False,True,False,False,True,True,False,True,False
fullwave_abdominal_wall,fullwave_abdominal_wall_1403_reg.hdf5,1403,vishuman_abdwall_set_04,False,True,False,False,True,True,False,True,False,False,True,True,False
fullwave_abdominal_wall,fullwave_abdominal_wall_1404_reg.hdf5,1404,vishuman_abdwall_set_06,False,True,False,False,True,True,False,True,False,False,False,False,True
fullwave_abdominal_wall,fullwave_abdominal_wall_1405_reg.hdf5,1405,vishuman_abdominal_cropped,False,True,False,True,False,True,False,True,False,True,False,True,False
fullwave_abdominal_wall,fullwave_abdominal_wall_1406_reg.hdf5,1406,vishuman_abdwall_cropped_7-153s,False,False,True,True,False,False,True,False,True,True,False,True,False
fullwave_abdominal_wall,fullwave_abdominal_wall_1407_reg.hdf5,1407,vishuman_abdwall_cropped_7left153s,False,True,False,False,True,True,False,True,False,False,True,False,True
fullwave_abdominal_wall,fullwave_abdominal_wall_1408_reg.hdf5,1408,vishuman_abdwall_set_10,False,False,True,True,False,True,False,False,True,True,False,True,False
fullwave_abdominal_wall,fullwave_abdominal_wall_1409_reg.hdf5,1409,vishuman_abdwall_set_11,False,False,True,True,False,False,False,False,True,True,False,True,False
fullwave_abdominal_wall,fullwave_abdominal_wall_1410_reg.hdf5,1410,vishuman_abdwall_cropped_7left153s,False,True,False,False,True,True,False,True,False,False,True,False,True
fullwave_abdominal_wall,fullwave_abdominal_wall_1411_reg.hdf5,1411,vishuman_abdominal_cropped,False,True,False,True,False,True,False,True,False,True,False,True,False
fullwave_abdominal_wall,fullwave_abdominal_wall_1413_reg.hdf5,1413,vishuman_abdwall_cropped_7-153s,False,False,True,True,False,False,True,False,True,True,False,True,False
fullwave_abdominal_wall,fullwave_abdominal_wall_1414_reg.hdf5,1414,vishuman_abdominal_cropped,False,True,False,True,False,True,False,True,False,True,False,True,False
fullwave_abdominal_wall,fullwave_abdominal_wall_1415_reg.hdf5,1415,vishuman_abdwall_set_12,False,False,True,True,False,False,True,False,False,True,False,True,False
fullwave_abdominal_wall,fullwave_abdominal_wall_1416_reg.hdf5,1416,vishuman_abdwall_set_12,False,False,True,True,False,False,True,False,False,True,False,True,False
fullwave_abdominal_wall,fullwave_abdominal_wall_1417_reg.hdf5,1417,vishuman_abdwall_set_11,False,False,True,True,False,False,False,False,True,True,False,True,False
fullwave_abdominal_wall,fullwave_abdominal_wall_1418_reg.hdf5,1418,vishuman_abdwall_set_13,False,False,True,True,False,False,True,True,False,True,False,True,False
fullwave_abdominal_wall,fullwave_abdominal_wall_1419_reg.hdf5,1419,vishuman_abdwall_set_05,False,True,False,False,True,True,False,True,False,False,True,False,False
fullwave_abdominal_wall,fullwave_abdominal_wall_1420_reg.hdf5,1420,vishuman_abdwall_cropped_7-153s,False,False,True,True,False,False,True,False,True,True,False,True,False
fullwave_abdominal_wall,fullwave_abdominal_wall_1421_reg.hdf5,1421,vishuman_abdwall_set_10,False,False,True,True,False,True,False,False,True,True,False,True,False
fullwave_abdominal_wall,fullwave_abdominal_wall_1422_reg.hdf5,1422,vishuman_abdwall_set_04,False,True,False,False,True,True,False,True,False,False,True,True,False
fullwave_abdominal_wall,fullwave_abdominal_wall_1423_reg.hdf5,1423,vishuman_abdwall_set_06,False,True,False,False,True,True,False,True,False,False,False,False,True
fullwave_abdominal_wall,fullwave_abdominal_wall_1425_reg.hdf5,1425,vishuman_abdwall_set_05,False,True,False,False,True,True,False,True,False,False,True,False,False
fullwave_abdominal_wall,fullwave_abdominal_wall_1427_reg.hdf5,1427,vishuman_abdwall_set_12,False,False,True,True,False,False,True,False,False,True,False,True,False
fullwave_abdominal_wall,fullwave_abdominal_wall_1428_reg.hdf5,1428,vishuman_abdwall_set_11,False,False,True,True,False,False,False,False,True,True,False,True,False
fullwave_abdominal_wall,fullwave_abdominal_wall_1429_reg.hdf5,1429,vishuman_abdwall_set_13,False,False,True,True,False,False,True,True,False,True,False,True,False
fullwave_abdominal_wall,fullwave_abdominal_wall_1432_reg.hdf5,1432,vishuman_abdwall_set_13,False,False,True,True,False,False,True,True,False,True,False,True,False
fullwave_abdominal_wall,fullwave_abdominal_wall_1434_reg.hdf5,1434,vishuman_abdwall_set_10,False,False,True,True,False,True,False,False,True,True,False,True,False
fullwave_abdominal_wall,fullwave_abdominal_wall_1435_reg.hdf5,1435,vishuman_abdwall_set_06,False,True,False,False,True,True,False,True,False,False,False,False,True
fullwave_abdominal_wall,fullwave_abdominal_wall_1436_reg.hdf5,1436,vishuman_abdwall_set_10,False,False,True,True,False,True,False,False,True,True,False,True,False
fullwave_abdominal_wall,fullwave_abdominal_wall_1437_reg.hdf5,1437,vishuman_abdwall_set_11,False,False,True,True,False,False,False,False,True,True,False,True,False
fullwave_abdominal_wall,fullwave_abdominal_wall_1438_reg.hdf5,1438,vishuman_abdwall_cropped_6left153s,False,True,False,False,True,True,False,True,False,False,True,False,True
fullwave_abdominal_wall,fullwave_abdominal_wall_1439_reg.hdf5,1439,vishuman_abdwall_set_11,False,False,True,True,False,False,False,False,True,True,False,True,False
fullwave_abdominal_wall,fullwave_abdominal_wall_1440_reg.hdf5,1440,vishuman_abdwall_set_06,False,True,False,False,True,True,False,True,False,False,False,False,True
fullwave_abdominal_wall,fullwave_abdominal_wall_1441_reg.hdf5,1441,vishuman_abdwall_cropped_5left153s,False,True,False,False,True,True,False,True,False,True,False,True,False
fullwave_abdominal_wall,fullwave_abdominal_wall_1442_reg.hdf5,1442,vishuman_abdwall_set_05,False,True,False,False,True,True,False,True,False,False,True,False,False
fullwave_abdominal_wall,fullwave_abdominal_wall_1443_reg.hdf5,1443,vishuman_abdwall_set_11,False,False,True,True,False,False,False,False,True,True,False,True,False
fullwave_abdominal_wall,fullwave_abdominal_wall_1445_reg.hdf5,1445,vishuman_abdwall_set_06,False,True,False,False,True,True,False,True,False,False,False,False,True
fullwave_abdominal_wall,fullwave_abdominal_wall_1447_reg.hdf5,1447,vishuman_abdwall_set_06,False,True,False,False,True,True,False,True,False,False,False,False,True
fullwave_abdominal_wall,fullwave_abdominal_wall_1448_reg.hdf5,1448,vishuman_abdwall_set_11,False,False,True,True,False,False,False,False,True,True,False,True,False
fullwave_abdominal_wall,fullwave_abdominal_wall_1449_reg.hdf5,1449,vishuman_abdwall_set_04,False,True,False,False,True,True,False,True,False,False,True,True,False
fullwave_abdominal_wall_20240716_1_500,fullwave_abdominal_wall_20240716_1_500_1_reg.hdf5,1,vishuman_abdwall_set_11,False,False,True,True,False,False,False,False,True,True,False,True,False
fullwave_abdominal_wall_20240716_1_500,fullwave_abdominal_wall_20240716_1_500_2_reg.hdf5,2,vishuman_abdwall_set_13,False,False,True,True,False,False,True,True,False,True,False,True,False
fullwave_abdominal_wall_20240716_1_500,fullwave_abdominal_wall_20240716_1_500_3_reg.hdf5,3,vishuman_abdwall_set_10,False,False,True,True,False,True,False,False,True,True,False,True,False
fullwave_abdominal_wall_20240716_1_500,fullwave_abdominal_wall_20240716_1_500_4_reg.hdf5,4,vishuman_abdwall_set_06,False,True,False,False,True,True,False,True,False,False,False,False,True
fullwave_abdominal_wall_20240716_1_500,fullwave_abdominal_wall_20240716_1_500_5_reg.hdf5,5,vishuman_abdwall_set_05,False,True,False,False,True,True,False,True,False,False,True,False,False
fullwave_abdominal_wall_20240716_1_500,fullwave_abdominal_wall_20240716_1_500_6_reg.hdf5,6,vishuman_abdwall_set_12,False,False,True,True,False,False,True,False,False,True,False,True,False
fullwave_abdominal_wall_20240716_1_500,fullwave_abdominal_wall_20240716_1_500_7_reg.hdf5,7,vishuman_abdwall_set_07,False,True,False,False,True,True,False,True,False,True,False,False,True
fullwave_abdominal_wall_20240716_1_500,fullwave_abdominal_wall_20240716_1_500_8_reg.hdf5,8,vishuman_abdwall_set_11,False,False,True,True,False,False,False,False,True,True,False,True,False
fullwave_abdominal_wall_20240716_1_500,fullwave_abdominal_wall_20240716_1_500_9_reg.hdf5,9,vishuman_abdwall_set_06,False,True,False,False,True,True,False,True,False,False,False,False,True
fullwave_abdominal_wall_20240716_1_500,fullwave_abdominal_wall_20240716_1_500_11_reg.hdf5,11,vishuman_abdwall_set_05,False,True,False,False,True,True,False,True,False,False,True,False,False
fullwave_abdominal_wall_20240716_1_500,fullwave_abdominal_wall_20240716_1_500_12_reg.hdf5,12,vishuman_abdwall_set_12,False,False,True,True,False,False,True,False,False,True,False,True,False
fullwave_abdominal_wall_20240716_1_500,fullwave_abdominal_wall_20240716_1_500_13_reg.hdf5,13,vishuman_abdwall_153_h,False,False,True,True,False,False,True,False,True,True,False,True,False
fullwave_abdominal_wall_20240716_1_500,fullwave_abdominal_wall_20240716_1_500_15_reg.hdf5,15,vishuman_abdwall_set_13,False,False,True,True,False,False,True,True,False,True,False,True,False
fullwave_abdominal_wall_20240716_1_500,fullwave_abdominal_wall_20240716_1_500_16_reg.hdf5,16,vishuman_abdwall_set_04,False,True,False,False,True,True,False,True,False,False,True,True,False
fullwave_abdominal_wall_20240716_1_500,fullwave_abdominal_wall_20240716_1_500_17_reg.hdf5,17,vishuman_abdwall_set_10,False,False,True,True,False,True,False,False,True,True,False,True,False
fullwave_abdominal_wall_20240716_1_500,fullwave_abdominal_wall_20240716_1_500_18_reg.hdf5,18,vishuman_abdwall_set_07,False,True,False,False,True,True,False,True,False,True,False,False,True
fullwave_abdominal_wall_20240716_1_500,fullwave_abdominal_wall_20240716_1_500_19_reg.hdf5,19,vishuman_abdwall_cropped_5left153s,False,True,False,False,True,True,False,True,False,True,False,True,False
fullwave_abdominal_wall_20240716_1_500,fullwave_abdominal_wall_20240716_1_500_21_reg.hdf5,21,vishuman_abdwall_set_12,False,False,True,True,False,False,True,False,False,True,False,True,False
fullwave_abdominal_wall_20240716_1_500,fullwave_abdominal_wall_20240716_1_500_22_reg.hdf5,22,vishuman_abdwall_set_10,False,False,True,True,False,True,False,False,True,True,False,True,False
fullwave_abdominal_wall_20240716_1_500,fullwave_abdominal_wall_20240716_1_500_23_reg.hdf5,23,vishuman_abdwall_set_06,False,True,False,False,True,True,False,True,False,False,False,False,True
fullwave_abdominal_wall_20240716_1_500,fullwave_abdominal_wall_20240716_1_500_24_reg.hdf5,24,vishuman_abdominal_cropped,False,True,False,True,False,True,False,True,False,True,False,True,False
fullwave_abdominal_wall_20240716_1_500,fullwave_abdominal_wall_20240716_1_500_25_reg.hdf5,25,vishuman_abdwall_cropped_7-153s,False,False,True,True,False,False,True,False,True,True,False,True,False
fullwave_abdominal_wall_20240716_1_500,fullwave_abdominal_wall_20240716_1_500_26_reg.hdf5,26,vishuman_abdwall_set_04,False,True,False,False,True,True,False,True,False,False,True,True,False
fullwave_abdominal_wall_20240716_1_500,fullwave_abdominal_wall_20240716_1_500_27_reg.hdf5,27,vishuman_abdwall_cropped_7left153s,False,True,False,False,True,True,False,True,False,False,True,False,True
fullwave_abdominal_wall_20240716_1_500,fullwave_abdominal_wall_20240716_1_500_28_reg.hdf5,28,vishuman_abdwall_set_05,False,True,False,False,True,True,False,True,False,False,True,False,False
fullwave_abdominal_wall_20240716_1_500,fullwave_abdominal_wall_20240716_1_500_29_reg.hdf5,29,vishuman_abdwall_set_07,False,True,False,False,True,True,False,True,False,True,False,False,True
fullwave_abdominal_wall_20240716_1_500,fullwave_abdominal_wall_20240716_1_500_31_reg.hdf5,31,vishuman_abdominal_cropped,False,True,False,True,False,True,False,True,False,True,False,True,False
fullwave_abdominal_wall_20240716_1_500,fullwave_abdominal_wall_20240716_1_500_32_reg.hdf5,32,vishuman_abdwall_set_13,False,False,True,True,False,False,True,True,False,True,False,True,False
fullwave_abdominal_wall_20240716_1_500,fullwave_abdominal_wall_20240716_1_500_33_reg.hdf5,33,vishuman_abdwall_cropped_7left153s,False,True,False,False,True,True,False,True,False,False,True,False,True
fullwave_abdominal_wall_20240716_1_500,fullwave_abdominal_wall_20240716_1_500_34_reg.hdf5,34,vishuman_abdwall_set_10,False,False,True,True,False,True,False,False,True,True,False,True,False
fullwave_abdominal_wall_20240716_1_500,fullwave_abdominal_wall_20240716_1_500_35_reg.hdf5,35,vishuman_abdominal_cropped,False,True,False,True,False,True,False,True,False,True,False,True,False
fullwave_abdominal_wall_20240716_1_500,fullwave_abdominal_wall_20240716_1_500_36_reg.hdf5,36,vishuman_abdwall_set_06,False,True,False,False,True,True,False,True,False,False,False,False,True
fullwave_abdominal_wall_20240716_1_500,fullwave_abdominal_wall_20240716_1_500_37_reg.hdf5,37,vishuman_abdwall_cropped_6left153s,False,True,False,False,True,True,False,True,False,False,True,False,True
fullwave_abdominal_wall_20240716_1_500,fullwave_abdominal_wall_20240716_1_500_38_reg.hdf5,38,vishuman_abdwall_set_13,False,False,True,True,False,False,True,True,False,True,False,True,False
fullwave_abdominal_wall_20240716_1_500,fullwave_abdominal_wall_20240716_1_500_39_reg.hdf5,39,vishuman_abdwall_set_13,False,False,True,True,False,False,True,True,False,True,False,True,False
fullwave_abdominal_wall_20240716_1_500,fullwave_abdominal_wall_20240716_1_500_40_reg.hdf5,40,vishuman_abdominal_cropped,False,True,False,True,False,True,False,True,False,True,False,True,False
fullwave_abdominal_wall_20240716_1_500,fullwave_abdominal_wall_20240716_1_500_41_reg.hdf5,41,vishuman_abdwall_set_12,False,False,True,True,False,False,True,False,False,True,False,True,False
fullwave_abdominal_wall_20240716_1_500,fullwave_abdominal_wall_20240716_1_500_42_reg.hdf5,42,vishuman_abdwall_cropped_6left153s,False,True,False,False,True,True,False,True,False,False,True,False,True
fullwave_abdominal_wall_20240716_1_500,fullwave_abdominal_wall_20240716_1_500_43_reg.hdf5,43,vishuman_abdwall_set_10,False,False,True,True,False,True,False,False,True,True,False,True,False
fullwave_abdominal_wall_20240716_1_500,fullwave_abdominal_wall_20240716_1_500_45_reg.hdf5,45,vishuman_abdwall_set_13,False,False,True,True,False,False,True,True,False,True,False,True,False
fullwave_abdominal_wall_20240716_1_500,fullwave_abdominal_wall_20240716_1_500_46_reg.hdf5,46,vishuman_abdwall_cropped_5left153s,False,True,False,False,True,True,False,True,False,True,False,True,False
fullwave_abdominal_wall_20240716_1_500,fullwave_abdominal_wall_20240716_1_500_47_reg.hdf5,47,vishuman_abdwall_set_05,False,True,False,False,True,True,False,True,False,False,True,False,False
fullwave_abdominal_wall_20240716_1_500,fullwave_abdominal_wall_20240716_1_500_48_reg.hdf5,48,vishuman_abdwall_set_04,False,True,False,False,True,True,False,True,False,False,True,True,False
fullwave_abdominal_wall_20240716_1_500,fullwave_abdominal_wall_20240716_1_500_49_reg.hdf5,49,vishuman_abdwall_set_12,False,False,True,True,False,False,True,False,False,True,False,True,False
fullwave_abdominal_wall_20240716_1_500,fullwave_abdominal_wall_20240716_1_500_50_reg.hdf5,50,vishuman_abdwall_cropped_7left153s,False,True,False,False,True,True,False,True,False,False,True,False,True
fullwave_abdominal_wall_20240716_1_500,fullwave_abdominal_wall_20240716_1_500_51_reg.hdf5,51,vishuman_abdwall_set_10,False,False,True,True,False,True,False,False,True,True,False,True,False
fullwave_abdominal_wall_20240716_1_500,fullwave_abdominal_wall_20240716_1_500_52_reg.hdf5,52,vishuman_abdwall_set_04,False,True,False,False,True,True,False,True,False,False,True,True,False
fullwave_abdominal_wall_20240716_1_500,fullwave_abdominal_wall_20240716_1_500_53_reg.hdf5,53,vishuman_abdwall_cropped_7-153s,False,False,True,True,False,False,True,False,True,True,False,True,False
fullwave_abdominal_wall_20240716_1_500,fullwave_abdominal_wall_20240716_1_500_55_reg.hdf5,55,vishuman_abdwall_cropped_7left153s,False,True,False,False,True,True,False,True,False,False,True,False,True
fullwave_abdominal_wall_20240716_1_500,fullwave_abdominal_wall_20240716_1_500_56_reg.hdf5,56,vishuman_abdwall_cropped_6left153s,False,True,False,False,True,True,False,True,False,False,True,False,True
fullwave_abdominal_wall_20240716_1_500,fullwave_abdominal_wall_20240716_1_500_57_reg.hdf5,57,vishuman_abdwall_set_11,False,False,True,True,False,False,False,False,True,True,False,True,False
fullwave_abdominal_wall_20240716_1_500,fullwave_abdominal_wall_20240716_1_500_58_reg.hdf5,58,vishuman_abdwall_cropped_5left153s,False,True,False,False,True,True,False,True,False,True,False,True,False
fullwave_abdominal_wall_20240716_1_500,fullwave_abdominal_wall_20240716_1_500_59_reg.hdf5,59,vishuman_abdwall_set_11,False,False,True,True,False,False,False,False,True,True,False,True,False
fullwave_abdominal_wall_20240716_1_500,fullwave_abdominal_wall_20240716_1_500_60_reg.hdf5,60,vishuman_abdwall_cropped_5left153s,False,True,False,False,True,True,False,True,False,True,False,True,False
fullwave_abdominal_wall_20240716_1_500,fullwave_abdominal_wall_20240716_1_500_61_reg.hdf5,61,vishuman_abdwall_set_13,False,False,True,True,False,False,True,True,False,True,False,True,False
fullwave_abdominal_wall_20240716_1_500,fullwave_abdominal_wall_20240716_1_500_62_reg.hdf5,62,vishuman_abdwall_set_11,False,False,True,True,False,False,False,False,True,True,False,True,False
fullwave_abdominal_wall_20240716_1_500,fullwave_abdominal_wall_20240716_1_500_63_reg.hdf5,63,vishuman_abdwall_cropped_5left153s,False,True,False,False,True,True,False,True,False,True,False,True,False
fullwave_abdominal_wall_20240716_1_500,fullwave_abdominal_wall_20240716_1_500_64_reg.hdf5,64,vishuman_abdwall_set_04,False,True,False,False,True,True,False,True,False,False,True,True,False
fullwave_abdominal_wall_20240716_1_500,fullwave_abdominal_wall_20240716_1_500_65_reg.hdf5,65,vishuman_abdwall_set_12,False,False,True,True,False,False,True,False,False,True,False,True,False
fullwave_abdominal_wall_20240716_1_500,fullwave_abdominal_wall_20240716_1_500_66_reg.hdf5,66,vishuman_abdwall_cropped_5left153s,False,True,False,False,True,True,False,True,False,True,False,True,False
fullwave_abdominal_wall_20240716_1_500,fullwave_abdominal_wall_20240716_1_500_67_reg.hdf5,67,vishuman_abdwall_set_04,False,True,False,False,True,True,False,True,False,False,True,True,False
fullwave_abdominal_wall_20240716_1_500,fullwave_abdominal_wall_20240716_1_500_68_reg.hdf5,68,vishuman_abdwall_set_11,False,False,True,True,False,False,False,False,True,True,False,True,False
fullwave_abdominal_wall_20240716_1_500,fullwave_abdominal_wall_20240716_1_500_69_reg.hdf5,69,vishuman_abdwall_set_07,False,True,False,False,True,True,False,True,False,True,False,False,True
fullwave_abdominal_wall_20240716_1_500,fullwave_abdominal_wall_20240716_1_500_70_reg.hdf5,70,vishuman_abdwall_set_04,False,True,False,False,True,True,False,True,False,False,True,True,False
fullwave_abdominal_wall_20240716_1_500,fullwave_abdominal_wall_20240716_1_500_71_reg.hdf5,71,vishuman_abdwall_set_05,False,True,False,False,True,True,False,True,False,False,True,False,False
fullwave_abdominal_wall_20240716_1_500,fullwave_abdominal_wall_20240716_1_500_73_reg.hdf5,73,vishuman_abdwall_set_04,False,True,False,False,True,True,False,True,False,False,True,True,False
fullwave_abdominal_wall_20240716_1_500,fullwave_abdominal_wall_20240716_1_500_74_reg.hdf5,74,vishuman_abdwall_set_13,False,False,True,True,False,False,True,True,False,True,False,True,False
fullwave_abdominal_wall_20240716_1_500,fullwave_abdominal_wall_20240716_1_500_75_reg.hdf5,75,vishuman_abdwall_cropped_5left153s,False,True,False,False,True,True,False,True,False,True,False,True,False
fullwave_abdominal_wall_20240716_1_500,fullwave_abdominal_wall_20240716_1_500_76_reg.hdf5,76,vishuman_abdwall_set_04,False,True,False,False,True,True,False,True,False,False,True,True,False
fullwave_abdominal_wall_20240716_1_500,fullwave_abdominal_wall_20240716_1_500_77_reg.hdf5,77,vishuman_abdwall_set_04,False,True,False,False,True,True,False,True,False,False,True,True,False
fullwave_abdominal_wall_20240716_1_500,fullwave_abdominal_wall_20240716_1_500_78_reg.hdf5,78,vishuman_abdwall_153_h,False,False,True,True,False,False,True,False,True,True,False,True,False
fullwave_abdominal_wall_20240716_1_500,fullwave_abdominal_wall_20240716_1_500_79_reg.hdf5,79,vishuman_abdwall_set_07,False,True,False,False,True,True,False,True,False,True,False,False,True
fullwave_abdominal_wall_20240716_1_500,fullwave_abdominal_wall_20240716_1_500_80_reg.hdf5,80,vishuman_abdwall_set_13,False,False,True,True,False,False,True,True,False,True,False,True,False
fullwave_abdominal_wall_20240716_1_500,fullwave_abdominal_wall_20240716_1_500_82_reg.hdf5,82,vishuman_abdwall_cropped_7left153s,False,True,False,False,True,True,False,True,False,False,True,False,True
fullwave_abdominal_wall_20240716_1_500,fullwave_abdominal_wall_20240716_1_500_83_reg.hdf5,83,vishuman_abdwall_set_10,False,False,True,True,False,True,False,False,True,True,False,True,False
fullwave_abdominal_wall_20240716_1_500,fullwave_abdominal_wall_20240716_1_500_85_reg.hdf5,85,vishuman_abdwall_set_12,False,False,True,True,False,False,True,False,False,True,False,True,False
fullwave_abdominal_wall_20240716_1_500,fullwave_abdominal_wall_20240716_1_500_86_reg.hdf5,86,vishuman_abdwall_set_10,False,False,True,True,False,True,False,False,True,True,False,True,False
fullwave_abdominal_wall_20240716_1_500,fullwave_abdominal_wall_20240716_1_500_87_reg.hdf5,87,vishuman_abdwall_set_06,False,True,False,False,True,True,False,True,False,False,False,False,True
fullwave_abdominal_wall_20240716_1_500,fullwave_abdominal_wall_20240716_1_500_88_reg.hdf5,88,vishuman_abdwall_cropped_7left153s,False,True,False,False,True,True,False,True,False,False,True,False,True
fullwave_abdominal_wall_20240716_1_500,fullwave_abdominal_wall_20240716_1_500_89_reg.hdf5,89,vishuman_abdwall_cropped_5left153s,False,True,False,False,True,True,False,True,False,True,False,True,False
fullwave_abdominal_wall_20240716_1_500,fullwave_abdominal_wall_20240716_1_500_90_reg.hdf5,90,vishuman_abdwall_set_11,False,False,True,True,False,False,False,False,True,True,False,True,False
fullwave_abdominal_wall_20240716_1_500,fullwave_abdominal_wall_20240716_1_500_91_reg.hdf5,91,vishuman_abdwall_set_06,False,True,False,False,True,True,False,True,False,False,False,False,True
fullwave_abdominal_wall_20240716_1_500,fullwave_abdominal_wall_20240716_1_500_92_reg.hdf5,92,vishuman_abdwall_set_06,False,True,False,False,True,True,False,True,False,False,False,False,True
fullwave_abdominal_wall_20240716_1_500,fullwave_abdominal_wall_20240716_1_500_93_reg.hdf5,93,vishuman_abdwall_153_h,False,False,True,True,False,False,True,False,True,True,False,True,False
fullwave_abdominal_wall_20240716_1_500,fullwave_abdominal_wall_20240716_1_500_94_reg.hdf5,94,vishuman_abdwall_set_07,False,True,False,False,True,True,False,True,False,True,False,False,True
fullwave_abdominal_wall_20240716_1_500,fullwave_abdominal_wall_20240716_1_500_95_reg.hdf5,95,vishuman_abdominal_cropped,False,True,False,True,False,True,False,True,False,True,False,True,False
fullwave_abdominal_wall_20240716_1_500,fullwave_abdominal_wall_20240716_1_500_97_reg.hdf5,97,vishuman_abdwall_set_10,False,False,True,True,False,True,False,False,True,True,False,True,False
fullwave_abdominal_wall_20240716_1_500,fullwave_abdominal_wall_20240716_1_500_98_reg.hdf5,98,vishuman_abdwall_153_h,False,False,True,True,False,False,True,False,True,True,False,True,False
fullwave_abdominal_wall_20240716_1_500,fullwave_abdominal_wall_20240716_1_500_99_reg.hdf5,99,vishuman_abdwall_set_06,False,True,False,False,True,True,False,True,False,False,False,False,True
fullwave_abdominal_wall_20240716_1_500,fullwave_abdominal_wall_20240716_1_500_101_reg.hdf5,101,vishuman_abdwall_cropped_7-153s,False,False,True,True,False,False,True,False,True,True,False,True,False
fullwave_abdominal_wall_20240716_1_500,fullwave_abdominal_wall_20240716_1_500_103_reg.hdf5,103,vishuman_abdwall_cropped_7-153s,False,False,True,True,False,False,True,False,True,True,False,True,False
fullwave_abdominal_wall_20240716_1_500,fullwave_abdominal_wall_20240716_1_500_105_reg.hdf5,105,vishuman_abdwall_cropped_7-153s,False,False,True,True,False,False,True,False,True,True,False,True,False
fullwave_abdominal_wall_20240716_1_500,fullwave_abdominal_wall_20240716_1_500_107_reg.hdf5,107,vishuman_abdwall_set_07,False,True,False,False,True,True,False,True,False,True,False,False,True
fullwave_abdominal_wall_20240716_1_500,fullwave_abdominal_wall_20240716_1_500_108_reg.hdf5,108,vishuman_abdwall_set_07,False,True,False,False,True,True,False,True,False,True,False,False,True
fullwave_abdominal_wall_20240716_1_500,fullwave_abdominal_wall_20240716_1_500_109_reg.hdf5,109,vishuman_abdwall_set_13,False,False,True,True,False,False,True,True,False,True,False,True,False
fullwave_abdominal_wall_20240716_1_500,fullwave_abdominal_wall_20240716_1_500_110_reg.hdf5,110,vishuman_abdwall_set_11,False,False,True,True,False,False,False,False,True,True,False,True,False
fullwave_abdominal_wall_20240716_1_500,fullwave_abdominal_wall_20240716_1_500_111_reg.hdf5,111,vishuman_abdwall_set_04,False,True,False,False,True,True,False,True,False,False,True,True,False
fullwave_abdominal_wall_20240716_1_500,fullwave_abdominal_wall_20240716_1_500_112_reg.hdf5,112,vishuman_abdwall_set_07,False,True,False,False,True,True,False,True,False,True,False,False,True
fullwave_abdominal_wall_20240716_1_500,fullwave_abdominal_wall_20240716_1_500_113_reg.hdf5,113,vishuman_abdwall_set_07,False,True,False,False,True,True,False,True,False,True,False,False,True
fullwave_abdominal_wall_20240716_1_500,fullwave_abdominal_wall_20240716_1_500_114_reg.hdf5,114,vishuman_abdwall_cropped_7left153s,False,True,False,False,True,True,False,True,False,False,True,False,True
fullwave_abdominal_wall_20240716_1_500,fullwave_abdominal_wall_20240716_1_500_115_reg.hdf5,115,vishuman_abdwall_set_10,False,False,True,True,False,True,False,False,True,True,False,True,False
fullwave_abdominal_wall_20240716_1_500,fullwave_abdominal_wall_20240716_1_500_117_reg.hdf5,117,vishuman_abdwall_set_11,False,False,True,True,False,False,False,False,True,True,False,True,False
fullwave_abdominal_wall_20240716_1_500,fullwave_abdominal_wall_20240716_1_500_118_reg.hdf5,118,vishuman_abdwall_set_04,False,True,False,False,True,True,False,True,False,False,True,True,False
fullwave_abdominal_wall_20240716_1_500,fullwave_abdominal_wall_20240716_1_500_119_reg.hdf5,119,vishuman_abdominal_cropped,False,True,False,True,False,True,False,True,False,True,False,True,False
fullwave_abdominal_wall_20240716_1_500,fullwave_abdominal_wall_20240716_1_500_120_reg.hdf5,120,vishuman_abdwall_cropped_7left153s,False,True,False,False,True,True,False,True,False,False,True,False,True
fullwave_abdominal_wall_20240716_1_500,fullwave_abdominal_wall_20240716_1_500_121_reg.hdf5,121,vishuman_abdwall_set_07,False,True,False,False,True,True,False,True,False,True,False,False,True
fullwave_abdominal_wall_20240716_1_500,fullwave_abdominal_wall_20240716_1_500_122_reg.hdf5,122,vishuman_abdwall_set_13,False,False,True,True,False,False,True,True,False,True,False,True,False
fullwave_abdominal_wall_20240716_1_500,fullwave_abdominal_wall_20240716_1_500_123_reg.hdf5,123,vishuman_abdwall_set_04,False,True,False,False,True,True,False,True,False,False,True,True,False
fullwave_abdominal_wall_20240716_1_500,fullwave_abdominal_wall_20240716_1_500_124_reg.hdf5,124,vishuman_abdwall_set_10,False,False,True,True,False,True,False,False,True,True,False,True,False
fullwave_abdominal_wall_20240716_1_500,fullwave_abdominal_wall_20240716_1_500_126_reg.hdf5,126,vishuman_abdwall_cropped_7left153s,False,True,False,False,True,True,False,True,False,False,True,False,True
fullwave_abdominal_wall_20240716_1_500,fullwave_abdominal_wall_20240716_1_500_127_reg.hdf5,127,vishuman_abdwall_set_04,False,True,False,False,True,True,False,True,False,False,True,True,False
fullwave_abdominal_wall_20240716_1_500,fullwave_abdominal_wall_20240716_1_500_128_reg.hdf5,128,vishuman_abdwall_cropped_5left153s,False,True,False,False,True,True,False,True,False,True,False,True,False
fullwave_abdominal_wall_20240716_1_500,fullwave_abdominal_wall_20240716_1_500_129_reg.hdf5,129,vishuman_abdwall_cropped_6left153s,False,True,False,False,True,True,False,True,False,False,True,False,True
fullwave_abdominal_wall_20240716_1_500,fullwave_abdominal_wall_20240716_1_500_130_reg.hdf5,130,vishuman_abdwall_cropped_6left153s,False,True,False,False,True,True,False,True,False,False,True,False,True
fullwave_abdominal_wall_20240716_1_500,fullwave_abdominal_wall_20240716_1_500_131_reg.hdf5,131,vishuman_abdwall_set_07,False,True,False,False,True,True,False,True,False,True,False,False,True
fullwave_abdominal_wall_20240716_1_500,fullwave_abdominal_wall_20240716_1_500_133_reg.hdf5,133,vishuman_abdwall_set_12,False,False,True,True,False,False,True,False,False,True,False,True,False
fullwave_abdominal_wall_20240716_1_500,fullwave_abdominal_wall_20240716_1_500_134_reg.hdf5,134,vishuman_abdwall_153_h,False,False,True,True,False,False,True,False,True,True,False,True,False
fullwave_abdominal_wall_20240716_1_500,fullwave_abdominal_wall_20240716_1_500_135_reg.hdf5,135,vishuman_abdwall_set_04,False,True,False,False,True,True,False,True,False,False,True,True,False
fullwave_abdominal_wall_20240716_1_500,fullwave_abdominal_wall_20240716_1_500_136_reg.hdf5,136,vishuman_abdwall_set_04,False,True,False,False,True,True,False,True,False,False,True,True,False
fullwave_abdominal_wall_20240716_1_500,fullwave_abdominal_wall_20240716_1_500_137_reg.hdf5,137,vishuman_abdwall_set_07,False,True,False,False,True,True,False,True,False,True,False,False,True
fullwave_abdominal_wall_20240716_1_500,fullwave_abdominal_wall_20240716_1_500_138_reg.hdf5,138,vishuman_abdwall_set_13,False,False,True,True,False,False,True,True,False,True,False,True,False
fullwave_abdominal_wall_20240716_1_500,fullwave_abdominal_wall_20240716_1_500_139_reg.hdf5,139,vishuman_abdwall_cropped_7left153s,False,True,False,False,True,True,False,True,False,False,True,False,True
fullwave_abdominal_wall_20240716_1_500,fullwave_abdominal_wall_20240716_1_500_140_reg.hdf5,140,vishuman_abdominal_cropped,False,True,False,True,False,True,False,True,False,True,False,True,False
fullwave_abdominal_wall_20240716_1_500,fullwave_abdominal_wall_20240716_1_500_144_reg.hdf5,144,vishuman_abdwall_153_h,False,False,True,True,False,False,True,False,True,True,False,True,False
fullwave_abdominal_wall_20240716_1_500,fullwave_abdominal_wall_20240716_1_500_145_reg.hdf5,145,vishuman_abdwall_set_05,False,True,False,False,True,True,False,True,False,False,True,False,False
fullwave_abdominal_wall_20240716_1_500,fullwave_abdominal_wall_20240716_1_500_146_reg.hdf5,146,vishuman_abdwall_set_13,False,False,True,True,False,False,True,True,False,True,False,True,False
fullwave_abdominal_wall_20240716_1_500,fullwave_abdominal_wall_20240716_1_500_149_reg.hdf5,149,vishuman_abdwall_cropped_7left153s,False,True,False,False,True,True,False,True,False,False,True,False,True
fullwave_abdominal_wall_20240716_1_500,fullwave_abdominal_wall_20240716_1_500_150_reg.hdf5,150,vishuman_abdwall_set_12,False,False,True,True,False,False,True,False,False,True,False,True,False
fullwave_abdominal_wall_20240716_1_500,fullwave_abdominal_wall_20240716_1_500_151_reg.hdf5,151,vishuman_abdwall_set_06,False,True,False,False,True,True,False,True,False,False,False,False,True
fullwave_abdominal_wall_20240716_1_500,fullwave_abdominal_wall_20240716_1_500_152_reg.hdf5,152,vishuman_abdwall_cropped_7-153s,False,False,True,True,False,False,True,False,True,True,False,True,False
fullwave_abdominal_wall_20240716_1_500,fullwave_abdominal_wall_20240716_1_500_153_reg.hdf5,153,vishuman_abdwall_set_11,False,False,True,True,False,False,False,False,True,True,False,True,False
fullwave_abdominal_wall_20240716_1_500,fullwave_abdominal_wall_20240716_1_500_154_reg.hdf5,154,vishuman_abdominal_cropped,False,True,False,True,False,True,False,True,False,True,False,True,False
fullwave_abdominal_wall_20240716_1_500,fullwave_abdominal_wall_20240716_1_500_155_reg.hdf5,155,vishuman_abdwall_set_04,False,True,False,False,True,True,False,True,False,False,True,True,False
fullwave_abdominal_wall_20240716_1_500,fullwave_abdominal_wall_20240716_1_500_156_reg.hdf5,156,vishuman_abdominal_cropped,False,True,False,True,False,True,False,True,False,True,False,True,False
fullwave_abdominal_wall_20240716_1_500,fullwave_abdominal_wall_20240716_1_500_158_reg.hdf5,158,vishuman_abdwall_set_06,False,True,False,False,True,True,False,True,False,False,False,False,True
fullwave_abdominal_wall_20240716_1_500,fullwave_abdominal_wall_20240716_1_500_159_reg.hdf5,159,vishuman_abdwall_cropped_7left153s,False,True,False,False,True,True,False,True,False,False,True,False,True
fullwave_abdominal_wall_20240716_1_500,fullwave_abdominal_wall_20240716_1_500_160_reg.hdf5,160,vishuman_abdwall_set_04,False,True,False,False,True,True,False,True,False,False,True,True,False
fullwave_abdominal_wall_20240716_1_500,fullwave_abdominal_wall_20240716_1_500_161_reg.hdf5,161,vishuman_abdwall_cropped_7-153s,False,False,True,True,False,False,True,False,True,True,False,True,False
fullwave_abdominal_wall_20240716_1_500,fullwave_abdominal_wall_20240716_1_500_162_reg.hdf5,162,vishuman_abdwall_cropped_7left153s,False,True,False,False,True,True,False,True,False,False,True,False,True
fullwave_abdominal_wall_20240716_1_500,fullwave_abdominal_wall_20240716_1_500_164_reg.hdf5,164,vishuman_abdwall_set_05,False,True,False,False,True,True,False,True,False,False,True,False,False
fullwave_abdominal_wall_20240716_1_500,fullwave_abdominal_wall_20240716_1_500_165_reg.hdf5,165,vishuman_abdwall_153_h,False,False,True,True,False,False,True,False,True,True,False,True,False
fullwave_abdominal_wall_20240716_1_500,fullwave_abdominal_wall_20240716_1_500_167_reg.hdf5,167,vishuman_abdwall_cropped_7left153s,False,True,False,False,True,True,False,True,False,False,True,False,True
fullwave_abdominal_wall_20240716_1_500,fullwave_abdominal_wall_20240716_1_500_168_reg.hdf5,168,vishuman_abdwall_set_05,False,True,False,False,True,True,False,True,False,False,True,False,False
fullwave_abdominal_wall_20240716_1_500,fullwave_abdominal_wall_20240716_1_500_169_reg.hdf5,169,vishuman_abdwall_set_05,False,True,False,False,True,True,False,True,False,False,True,False,False
fullwave_abdominal_wall_20240716_1_500,fullwave_abdominal_wall_20240716_1_500_170_reg.hdf5,170,vishuman_abdwall_cropped_7-153s,False,False,True,True,False,False,True,False,True,True,False,True,False
fullwave_abdominal_wall_20240716_1_500,fullwave_abdominal_wall_20240716_1_500_172_reg.hdf5,172,vishuman_abdwall_cropped_6left153s,False,True,False,False,True,True,False,True,False,False,True,False,True
fullwave_abdominal_wall_20240716_1_500,fullwave_abdominal_wall_20240716_1_500_173_reg.hdf5,173,vishuman_abdwall_set_13,False,False,True,True,False,False,True,True,False,True,False,True,False
fullwave_abdominal_wall_20240716_1_500,fullwave_abdominal_wall_20240716_1_500_174_reg.hdf5,174,vishuman_abdwall_cropped_5left153s,False,True,False,False,True,True,False,True,False,True,False,True,False
fullwave_abdominal_wall_20240716_1_500,fullwave_abdominal_wall_20240716_1_500_175_reg.hdf5,175,vishuman_abdwall_set_10,False,False,True,True,False,True,False,False,True,True,False,True,False
fullwave_abdominal_wall_20240716_1_500,fullwave_abdominal_wall_20240716_1_500_176_reg.hdf5,176,vishuman_abdwall_set_04,False,True,False,False,True,True,False,True,False,False,True,True,False
fullwave_abdominal_wall_20240716_1_500,fullwave_abdominal_wall_20240716_1_500_177_reg.hdf5,177,vishuman_abdwall_set_11,False,False,True,True,False,False,False,False,True,True,False,True,False
fullwave_abdominal_wall_20240716_1_500,fullwave_abdominal_wall_20240716_1_500_178_reg.hdf5,178,vishuman_abdwall_set_05,False,True,False,False,True,True,False,True,False,False,True,False,False
fullwave_abdominal_wall_20240716_1_500,fullwave_abdominal_wall_20240716_1_500_179_reg.hdf5,179,vishuman_abdwall_cropped_7-153s,False,False,True,True,False,False,True,False,True,True,False,True,False
fullwave_abdominal_wall_20240716_1_500,fullwave_abdominal_wall_20240716_1_500_180_reg.hdf5,180,vishuman_abdwall_cropped_7left153s,False,True,False,False,True,True,False,True,False,False,True,False,True
fullwave_abdominal_wall_20240716_1_500,fullwave_abdominal_wall_20240716_1_500_181_reg.hdf5,181,vishuman_abdwall_cropped_7-153s,False,False,True,True,False,False,True,False,True,True,False,True,False
fullwave_abdominal_wall_20240716_1_500,fullwave_abdominal_wall_20240716_1_500_182_reg.hdf5,182,vishuman_abdwall_cropped_6left153s,False,True,False,False,True,True,False,True,False,False,True,False,True
fullwave_abdominal_wall_20240716_1_500,fullwave_abdominal_wall_20240716_1_500_184_reg.hdf5,184,vishuman_abdwall_cropped_7-153s,False,False,True,True,False,False,True,False,True,True,False,True,False
fullwave_abdominal_wall_20240716_1_500,fullwave_abdominal_wall_20240716_1_500_185_reg.hdf5,185,vishuman_abdwall_set_12,False,False,True,True,False,False,True,False,False,True,False,True,False
fullwave_abdominal_wall_20240716_1_500,fullwave_abdominal_wall_20240716_1_500_186_reg.hdf5,186,vishuman_abdwall_cropped_5left153s,False,True,False,False,True,True,False,True,False,True,False,True,False
fullwave_abdominal_wall_20240716_1_500,fullwave_abdominal_wall_20240716_1_500_187_reg.hdf5,187,vishuman_abdwall_cropped_7-153s,False,False,True,True,False,False,True,False,True,True,False,True,False
fullwave_abdominal_wall_20240716_1_500,fullwave_abdominal_wall_20240716_1_500_188_reg.hdf5,188,vishuman_abdwall_set_10,False,False,True,True,False,True,False,False,True,True,False,True,False
fullwave_abdominal_wall_20240716_1_500,fullwave_abdominal_wall_20240716_1_500_189_reg.hdf5,189,vishuman_abdominal_cropped,False,True,False,True,False,True,False,True,False,True,False,True,False
fullwave_abdominal_wall_20240716_1_500,fullwave_abdominal_wall_20240716_1_500_190_reg.hdf5,190,vishuman_abdwall_cropped_5left153s,False,True,False,False,True,True,False,True,False,True,False,True,False
fullwave_abdominal_wall_20240716_1_500,fullwave_abdominal_wall_20240716_1_500_191_reg.hdf5,191,vishuman_abdwall_cropped_7-153s,False,False,True,True,False,False,True,False,True,True,False,True,False
fullwave_abdominal_wall_20240716_1_500,fullwave_abdominal_wall_20240716_1_500_192_reg.hdf5,192,vishuman_abdwall_set_10,False,False,True,True,False,True,False,False,True,True,False,True,False
fullwave_abdominal_wall_20240716_1_500,fullwave_abdominal_wall_20240716_1_500_193_reg.hdf5,193,vishuman_abdwall_set_05,False,True,False,False,True,True,False,True,False,False,True,False,False
fullwave_abdominal_wall_20240716_1_500,fullwave_abdominal_wall_20240716_1_500_194_reg.hdf5,194,vishuman_abdwall_cropped_6left153s,False,True,False,False,True,True,False,True,False,False,True,False,True
fullwave_abdominal_wall_20240716_1_500,fullwave_abdominal_wall_20240716_1_500_195_reg.hdf5,195,vishuman_abdwall_set_06,False,True,False,False,True,True,False,True,False,False,False,False,True
fullwave_abdominal_wall_20240716_1_500,fullwave_abdominal_wall_20240716_1_500_196_reg.hdf5,196,vishuman_abdwall_set_12,False,False,True,True,False,False,True,False,False,True,False,True,False
fullwave_abdominal_wall_20240716_1_500,fullwave_abdominal_wall_20240716_1_500_197_reg.hdf5,197,vishuman_abdwall_set_12,False,False,True,True,False,False,True,False,False,True,False,True,False
fullwave_abdominal_wall_20240716_1_500,fullwave_abdominal_wall_20240716_1_500_198_reg.hdf5,198,vishuman_abdwall_cropped_7left153s,False,True,False,False,True,True,False,True,False,False,True,False,True
fullwave_abdominal_wall_20240716_1_500,fullwave_abdominal_wall_20240716_1_500_199_reg.hdf5,199,vishuman_abdwall_set_12,False,False,True,True,False,False,True,False,False,True,False,True,False
fullwave_abdominal_wall_20240716_1_500,fullwave_abdominal_wall_20240716_1_500_200_reg.hdf5,200,vishuman_abdwall_153_h,False,False,True,True,False,False,True,False,True,True,False,True,False
fullwave_abdominal_wall_20240716_1_500,fullwave_abdominal_wall_20240716_1_500_201_reg.hdf5,201,vishuman_abdominal_cropped,False,True,False,True,False,True,False,True,False,True,False,True,False
fullwave_abdominal_wall_20240716_1_500,fullwave_abdominal_wall_20240716_1_500_202_reg.hdf5,202,vishuman_abdwall_set_04,False,True,False,False,True,True,False,True,False,False,True,True,False
fullwave_abdominal_wall_20240716_1_500,fullwave_abdominal_wall_20240716_1_500_203_reg.hdf5,203,vishuman_abdwall_set_13,False,False,True,True,False,False,True,True,False,True,False,True,False
fullwave_abdominal_wall_20240716_1_500,fullwave_abdominal_wall_20240716_1_500_204_reg.hdf5,204,vishuman_abdwall_set_06,False,True,False,False,True,True,False,True,False,False,False,False,True
fullwave_abdominal_wall_20240716_1_500,fullwave_abdominal_wall_20240716_1_500_205_reg.hdf5,205,vishuman_abdwall_set_07,False,True,False,False,True,True,False,True,False,True,False,False,True
fullwave_abdominal_wall_20240716_1_500,fullwave_abdominal_wall_20240716_1_500_206_reg.hdf5,206,vishuman_abdominal_cropped,False,True,False,True,False,True,False,True,False,True,False,True,False
fullwave_abdominal_wall_20240716_1_500,fullwave_abdominal_wall_20240716_1_500_207_reg.hdf5,207,vishuman_abdwall_set_04,False,True,False,False,True,True,False,True,False,False,True,True,False
fullwave_abdominal_wall_20240716_1_500,fullwave_abdominal_wall_20240716_1_500_208_reg.hdf5,208,vishuman_abdwall_cropped_5left153s,False,True,False,False,True,True,False,True,False,True,False,True,False
fullwave_abdominal_wall_20240716_1_500,fullwave_abdominal_wall_20240716_1_500_209_reg.hdf5,209,vishuman_abdwall_set_06,False,True,False,False,True,True,False,True,False,False,False,False,True
fullwave_abdominal_wall_20240716_1_500,fullwave_abdominal_wall_20240716_1_500_211_reg.hdf5,211,vishuman_abdwall_set_07,False,True,False,False,True,True,False,True,False,True,False,False,True
fullwave_abdominal_wall_20240716_1_500,fullwave_abdominal_wall_20240716_1_500_212_reg.hdf5,212,vishuman_abdwall_cropped_5left153s,False,True,False,False,True,True,False,True,False,True,False,True,False
fullwave_abdominal_wall_20240716_1_500,fullwave_abdominal_wall_20240716_1_500_213_reg.hdf5,213,vishuman_abdwall_set_07,False,True,False,False,True,True,False,True,False,True,False,False,True
fullwave_abdominal_wall_20240716_1_500,fullwave_abdominal_wall_20240716_1_500_214_reg.hdf5,214,vishuman_abdwall_set_12,False,False,True,True,False,False,True,False,False,True,False,True,False
fullwave_abdominal_wall_20240716_1_500,fullwave_abdominal_wall_20240716_1_500_215_reg.hdf5,215,vishuman_abdwall_153_h,False,False,True,True,False,False,True,False,True,True,False,True,False
fullwave_abdominal_wall_20240716_1_500,fullwave_abdominal_wall_20240716_1_500_216_reg.hdf5,216,vishuman_abdwall_set_12,False,False,True,True,False,False,True,False,False,True,False,True,False
fullwave_abdominal_wall_20240716_1_500,fullwave_abdominal_wall_20240716_1_500_217_reg.hdf5,217,vishuman_abdwall_set_05,False,True,False,False,True,True,False,True,False,False,True,False,False
fullwave_abdominal_wall_20240716_1_500,fullwave_abdominal_wall_20240716_1_500_219_reg.hdf5,219,vishuman_abdwall_cropped_5left153s,False,True,False,False,True,True,False,True,False,True,False,True,False
fullwave_abdominal_wall_20240716_1_500,fullwave_abdominal_wall_20240716_1_500_220_reg.hdf5,220,vishuman_abdwall_cropped_6left153s,False,True,False,False,True,True,False,True,False,False,True,False,True
fullwave_abdominal_wall_20240716_1_500,fullwave_abdominal_wall_20240716_1_500_221_reg.hdf5,221,vishuman_abdwall_cropped_6left153s,False,True,False,False,True,True,False,True,False,False,True,False,True
fullwave_abdominal_wall_20240716_1_500,fullwave_abdominal_wall_20240716_1_500_222_reg.hdf5,222,vishuman_abdwall_set_12,False,False,True,True,False,False,True,False,False,True,False,True,False
fullwave_abdominal_wall_20240716_1_500,fullwave_abdominal_wall_20240716_1_500_223_reg.hdf5,223,vishuman_abdwall_cropped_6left153s,False,True,False,False,True,True,False,True,False,False,True,False,True
fullwave_abdominal_wall_20240716_1_500,fullwave_abdominal_wall_20240716_1_500_224_reg.hdf5,224,vishuman_abdwall_cropped_6left153s,False,True,False,False,True,True,False,True,False,False,True,False,True
fullwave_abdominal_wall_20240716_1_500,fullwave_abdominal_wall_20240716_1_500_225_reg.hdf5,225,vishuman_abdwall_set_12,False,False,True,True,False,False,True,False,False,True,False,True,False
fullwave_abdominal_wall_20240716_1_500,fullwave_abdominal_wall_20240716_1_500_226_reg.hdf5,226,vishuman_abdwall_set_05,False,True,False,False,True,True,False,True,False,False,True,False,False
fullwave_abdominal_wall_20240716_1_500,fullwave_abdominal_wall_20240716_1_500_228_reg.hdf5,228,vishuman_abdwall_cropped_5left153s,False,True,False,False,True,True,False,True,False,True,False,True,False
fullwave_abdominal_wall_20240716_1_500,fullwave_abdominal_wall_20240716_1_500_229_reg.hdf5,229,vishuman_abdominal_cropped,False,True,False,True,False,True,False,True,False,True,False,True,False
fullwave_abdominal_wall_20240716_1_500,fullwave_abdominal_wall_20240716_1_500_230_reg.hdf5,230,vishuman_abdwall_153_h,False,False,True,True,False,False,True,False,True,True,False,True,False
fullwave_abdominal_wall_20240716_1_500,fullwave_abdominal_wall_20240716_1_500_231_reg.hdf5,231,vishuman_abdwall_cropped_7-153s,False,False,True,True,False,False,True,False,True,True,False,True,False
fullwave_abdominal_wall_20240716_1_500,fullwave_abdominal_wall_20240716_1_500_232_reg.hdf5,232,vishuman_abdwall_set_05,False,True,False,False,True,True,False,True,False,False,True,False,False
fullwave_abdominal_wall_20240716_1_500,fullwave_abdominal_wall_20240716_1_500_233_reg.hdf5,233,vishuman_abdwall_set_13,False,False,True,True,False,False,True,True,False,True,False,True,False
fullwave_abdominal_wall_20240716_1_500,fullwave_abdominal_wall_20240716_1_500_234_reg.hdf5,234,vishuman_abdwall_set_04,False,True,False,False,True,True,False,True,False,False,True,True,False
fullwave_abdominal_wall_20240716_1_500,fullwave_abdominal_wall_20240716_1_500_235_reg.hdf5,235,vishuman_abdwall_cropped_7-153s,False,False,True,True,False,False,True,False,True,True,False,True,False
fullwave_abdominal_wall_20240716_1_500,fullwave_abdominal_wall_20240716_1_500_236_reg.hdf5,236,vishuman_abdwall_set_13,False,False,True,True,False,False,True,True,False,True,False,True,False
fullwave_abdominal_wall_20240716_1_500,fullwave_abdominal_wall_20240716_1_500_237_reg.hdf5,237,vishuman_abdominal_cropped,False,True,False,True,False,True,False,True,False,True,False,True,False
fullwave_abdominal_wall_20240716_1_500,fullwave_abdominal_wall_20240716_1_500_238_reg.hdf5,238,vishuman_abdwall_set_07,False,True,False,False,True,True,False,True,False,True,False,False,True
fullwave_abdominal_wall_20240716_1_500,fullwave_abdominal_wall_20240716_1_500_239_reg.hdf5,239,vishuman_abdwall_cropped_7-153s,False,False,True,True,False,False,True,False,True,True,False,True,False
fullwave_abdominal_wall_20240716_1_500,fullwave_abdominal_wall_20240716_1_500_240_reg.hdf5,240,vishuman_abdwall_set_12,False,False,True,True,False,False,True,False,False,True,False,True,False
fullwave_abdominal_wall_20240716_1_500,fullwave_abdominal_wall_20240716_1_500_241_reg.hdf5,241,vishuman_abdwall_set_06,False,True,False,False,True,True,False,True,False,False,False,False,True
fullwave_abdominal_wall_20240716_1_500,fullwave_abdominal_wall_20240716_1_500_242_reg.hdf5,242,vishuman_abdwall_set_06,False,True,False,False,True,True,False,True,False,False,False,False,True
fullwave_abdominal_wall_20240716_1_500,fullwave_abdominal_wall_20240716_1_500_243_reg.hdf5,243,vishuman_abdwall_set_11,False,False,True,True,False,False,False,False,True,True,False,True,False
fullwave_abdominal_wall_20240716_1_500,fullwave_abdominal_wall_20240716_1_500_244_reg.hdf5,244,vishuman_abdwall_set_07,False,True,False,False,True,True,False,True,False,True,False,False,True
fullwave_abdominal_wall_20240716_1_500,fullwave_abdominal_wall_20240716_1_500_245_reg.hdf5,245,vishuman_abdwall_set_04,False,True,False,False,True,True,False,True,False,False,True,True,False
fullwave_abdominal_wall_20240716_1_500,fullwave_abdominal_wall_20240716_1_500_246_reg.hdf5,246,vishuman_abdwall_set_11,False,False,True,True,False,False,False,False,True,True,False,True,False
fullwave_abdominal_wall_20240716_1_500,fullwave_abdominal_wall_20240716_1_500_247_reg.hdf5,247,vishuman_abdwall_cropped_7-153s,False,False,True,True,False,False,True,False,True,True,False,True,False
fullwave_abdominal_wall_20240716_1_500,fullwave_abdominal_wall_20240716_1_500_248_reg.hdf5,248,vishuman_abdwall_cropped_7left153s,False,True,False,False,True,True,False,True,False,False,True,False,True
fullwave_abdominal_wall_20240716_1_500,fullwave_abdominal_wall_20240716_1_500_249_reg.hdf5,249,vishuman_abdominal_cropped,False,True,False,True,False,True,False,True,False,True,False,True,False
fullwave_abdominal_wall_20240716_1_500,fullwave_abdominal_wall_20240716_1_500_250_reg.hdf5,250,vishuman_abdwall_set_11,False,False,True,True,False,False,False,False,True,True,False,True,False
fullwave_abdominal_wall_20240716_1_500,fullwave_abdominal_wall_20240716_1_500_252_reg.hdf5,252,vishuman_abdwall_cropped_6left153s,False,True,False,False,True,True,False,True,False,False,True,False,True
fullwave_abdominal_wall_20240716_1_500,fullwave_abdominal_wall_20240716_1_500_253_reg.hdf5,253,vishuman_abdwall_set_11,False,False,True,True,False,False,False,False,True,True,False,True,False
fullwave_abdominal_wall_20240716_1_500,fullwave_abdominal_wall_20240716_1_500_254_reg.hdf5,254,vishuman_abdominal_cropped,False,True,False,True,False,True,False,True,False,True,False,True,False
fullwave_abdominal_wall_20240716_1_500,fullwave_abdominal_wall_20240716_1_500_255_reg.hdf5,255,vishuman_abdwall_set_12,False,False,True,True,False,False,True,False,False,True,False,True,False
fullwave_abdominal_wall_20240716_1_500,fullwave_abdominal_wall_20240716_1_500_256_reg.hdf5,256,vishuman_abdwall_set_13,False,False,True,True,False,False,True,True,False,True,False,True,False
fullwave_abdominal_wall_20240716_1_500,fullwave_abdominal_wall_20240716_1_500_257_reg.hdf5,257,vishuman_abdwall_set_06,False,True,False,False,True,True,False,True,False,False,False,False,True
fullwave_abdominal_wall_20240716_1_500,fullwave_abdominal_wall_20240716_1_500_258_reg.hdf5,258,vishuman_abdwall_cropped_7left153s,False,True,False,False,True,True,False,True,False,False,True,False,True
fullwave_abdominal_wall_20240716_1_500,fullwave_abdominal_wall_20240716_1_500_259_reg.hdf5,259,vishuman_abdwall_set_04,False,True,False,False,True,True,False,True,False,False,True,True,False
fullwave_abdominal_wall_20240716_1_500,fullwave_abdominal_wall_20240716_1_500_260_reg.hdf5,260,vishuman_abdwall_cropped_7left153s,False,True,False,False,True,True,False,True,False,False,True,False,True
fullwave_abdominal_wall_20240716_1_500,fullwave_abdominal_wall_20240716_1_500_261_reg.hdf5,261,vishuman_abdwall_set_13,False,False,True,True,False,False,True,True,False,True,False,True,False
fullwave_abdominal_wall_20240716_1_500,fullwave_abdominal_wall_20240716_1_500_262_reg.hdf5,262,vishuman_abdwall_cropped_7-153s,False,False,True,True,False,False,True,False,True,True,False,True,False
fullwave_abdominal_wall_20240716_1_500,fullwave_abdominal_wall_20240716_1_500_263_reg.hdf5,263,vishuman_abdwall_cropped_6left153s,False,True,False,False,True,True,False,True,False,False,True,False,True
fullwave_abdominal_wall_20240716_1_500,fullwave_abdominal_wall_20240716_1_500_264_reg.hdf5,264,vishuman_abdwall_set_04,False,True,False,False,True,True,False,True,False,False,True,True,False
fullwave_abdominal_wall_20240716_1_500,fullwave_abdominal_wall_20240716_1_500_266_reg.hdf5,266,vishuman_abdwall_set_13,False,False,True,True,False,False,True,True,False,True,False,True,False
fullwave_abdominal_wall_20240716_1_500,fullwave_abdominal_wall_20240716_1_500_267_reg.hdf5,267,vishuman_abdwall_cropped_7left153s,False,True,False,False,True,True,False,True,False,False,True,False,True
fullwave_abdominal_wall_20240716_1_500,fullwave_abdominal_wall_20240716_1_500_268_reg.hdf5,268,vishuman_abdwall_set_11,False,False,True,True,False,False,False,False,True,True,False,True,False
fullwave_abdominal_wall_20240716_1_500,fullwave_abdominal_wall_20240716_1_500_269_reg.hdf5,269,vishuman_abdwall_set_04,False,True,False,False,True,True,False,True,False,False,True,True,False
fullwave_abdominal_wall_20240716_1_500,fullwave_abdominal_wall_20240716_1_500_271_reg.hdf5,271,vishuman_abdwall_set_13,False,False,True,True,False,False,True,True,False,True,False,True,False
fullwave_abdominal_wall_20240716_1_500,fullwave_abdominal_wall_20240716_1_500_272_reg.hdf5,272,vishuman_abdwall_set_07,False,True,False,False,True,True,False,True,False,True,False,False,True
fullwave_abdominal_wall_20240716_1_500,fullwave_abdominal_wall_20240716_1_500_273_reg.hdf5,273,vishuman_abdwall_153_h,False,False,True,True,False,False,True,False,True,True,False,True,False
fullwave_abdominal_wall_20240716_1_500,fullwave_abdominal_wall_20240716_1_500_274_reg.hdf5,274,vishuman_abdwall_set_07,False,True,False,False,True,True,False,True,False,True,False,False,True
fullwave_abdominal_wall_20240716_1_500,fullwave_abdominal_wall_20240716_1_500_275_reg.hdf5,275,vishuman_abdwall_153_h,False,False,True,True,False,False,True,False,True,True,False,True,False
fullwave_abdominal_wall_20240716_1_500,fullwave_abdominal_wall_20240716_1_500_277_reg.hdf5,277,vishuman_abdwall_set_04,False,True,False,False,True,True,False,True,False,False,True,True,False
fullwave_abdominal_wall_20240716_1_500,fullwave_abdominal_wall_20240716_1_500_278_reg.hdf5,278,vishuman_abdwall_set_12,False,False,True,True,False,False,True,False,False,True,False,True,False
fullwave_abdominal_wall_20240716_1_500,fullwave_abdominal_wall_20240716_1_500_279_reg.hdf5,279,vishuman_abdwall_set_07,False,True,False,False,True,True,False,True,False,True,False,False,True
fullwave_abdominal_wall_20240716_1_500,fullwave_abdominal_wall_20240716_1_500_280_reg.hdf5,280,vishuman_abdwall_set_04,False,True,False,False,True,True,False,True,False,False,True,True,False
fullwave_abdominal_wall_20240716_1_500,fullwave_abdominal_wall_20240716_1_500_282_reg.hdf5,282,vishuman_abdwall_cropped_6left153s,False,True,False,False,True,True,False,True,False,False,True,False,True
fullwave_abdominal_wall_20240716_1_500,fullwave_abdominal_wall_20240716_1_500_283_reg.hdf5,283,vishuman_abdwall_set_06,False,True,False,False,True,True,False,True,False,False,False,False,True
fullwave_abdominal_wall_20240716_1_500,fullwave_abdominal_wall_20240716_1_500_284_reg.hdf5,284,vishuman_abdwall_153_h,False,False,True,True,False,False,True,False,True,True,False,True,False
fullwave_abdominal_wall_20240716_1_500,fullwave_abdominal_wall_20240716_1_500_285_reg.hdf5,285,vishuman_abdwall_set_04,False,True,False,False,True,True,False,True,False,False,True,True,False
fullwave_abdominal_wall_20240716_1_500,fullwave_abdominal_wall_20240716_1_500_286_reg.hdf5,286,vishuman_abdwall_cropped_5left153s,False,True,False,False,True,True,False,True,False,True,False,True,False
fullwave_abdominal_wall_20240716_1_500,fullwave_abdominal_wall_20240716_1_500_287_reg.hdf5,287,vishuman_abdwall_set_13,False,False,True,True,False,False,True,True,False,True,False,True,False
fullwave_abdominal_wall_20240716_1_500,fullwave_abdominal_wall_20240716_1_500_288_reg.hdf5,288,vishuman_abdwall_set_13,False,False,True,True,False,False,True,True,False,True,False,True,False
fullwave_abdominal_wall_20240716_1_500,fullwave_abdominal_wall_20240716_1_500_290_reg.hdf5,290,vishuman_abdwall_cropped_7-153s,False,False,True,True,False,False,True,False,True,True,False,True,False
fullwave_abdominal_wall_20240716_1_500,fullwave_abdominal_wall_20240716_1_500_291_reg.hdf5,291,vishuman_abdwall_set_13,False,False,True,True,False,False,True,True,False,True,False,True,False
fullwave_abdominal_wall_20240716_1_500,fullwave_abdominal_wall_20240716_1_500_292_reg.hdf5,292,vishuman_abdwall_153_h,False,False,True,True,False,False,True,False,True,True,False,True,False
fullwave_abdominal_wall_20240716_1_500,fullwave_abdominal_wall_20240716_1_500_293_reg.hdf5,293,vishuman_abdwall_set_11,False,False,True,True,False,False,False,False,True,True,False,True,False
fullwave_abdominal_wall_20240716_1_500,fullwave_abdominal_wall_20240716_1_500_294_reg.hdf5,294,vishuman_abdwall_cropped_7left153s,False,True,False,False,True,True,False,True,False,False,True,False,True
fullwave_abdominal_wall_20240716_1_500,fullwave_abdominal_wall_20240716_1_500_295_reg.hdf5,295,vishuman_abdwall_set_06,False,True,False,False,True,True,False,True,False,False,False,False,True
fullwave_abdominal_wall_20240716_1_500,fullwave_abdominal_wall_20240716_1_500_296_reg.hdf5,296,vishuman_abdwall_set_07,False,True,False,False,True,True,False,True,False,True,False,False,True
fullwave_abdominal_wall_20240716_1_500,fullwave_abdominal_wall_20240716_1_500_297_reg.hdf5,297,vishuman_abdwall_set_05,False,True,False,False,True,True,False,True,False,False,True,False,False
fullwave_abdominal_wall_20240716_1_500,fullwave_abdominal_wall_20240716_1_500_298_reg.hdf5,298,vishuman_abdwall_set_11,False,False,True,True,False,False,False,False,True,True,False,True,False
fullwave_abdominal_wall_20240716_1_500,fullwave_abdominal_wall_20240716_1_500_299_reg.hdf5,299,vishuman_abdwall_set_07,False,True,False,False,True,True,False,True,False,True,False,False,True
fullwave_abdominal_wall_20240716_1_500,fullwave_abdominal_wall_20240716_1_500_301_reg.hdf5,301,vishuman_abdwall_cropped_7-153s,False,False,True,True,False,False,True,False,True,True,False,True,False
fullwave_abdominal_wall_20240716_1_500,fullwave_abdominal_wall_20240716_1_500_302_reg.hdf5,302,vishuman_abdwall_cropped_6left153s,False,True,False,False,True,True,False,True,False,False,True,False,True
fullwave_abdominal_wall_20240716_1_500,fullwave_abdominal_wall_20240716_1_500_303_reg.hdf5,303,vishuman_abdwall_cropped_7-153s,False,False,True,True,False,False,True,False,True,True,False,True,False
fullwave_abdominal_wall_20240716_1_500,fullwave_abdominal_wall_20240716_1_500_304_reg.hdf5,304,vishuman_abdwall_set_04,False,True,False,False,True,True,False,True,False,False,True,True,False
fullwave_abdominal_wall_20240716_1_500,fullwave_abdominal_wall_20240716_1_500_305_reg.hdf5,305,vishuman_abdominal_cropped,False,True,False,True,False,True,False,True,False,True,False,True,False
fullwave_abdominal_wall_20240716_1_500,fullwave_abdominal_wall_20240716_1_500_306_reg.hdf5,306,vishuman_abdwall_set_05,False,True,False,False,True,True,False,True,False,False,True,False,False
fullwave_abdominal_wall_20240716_1_500,fullwave_abdominal_wall_20240716_1_500_307_reg.hdf5,307,vishuman_abdwall_set_07,False,True,False,False,True,True,False,True,False,True,False,False,True
fullwave_abdominal_wall_20240716_1_500,fullwave_abdominal_wall_20240716_1_500_308_reg.hdf5,308,vishuman_abdwall_set_11,False,False,True,True,False,False,False,False,True,True,False,True,False
fullwave_abdominal_wall_20240716_1_500,fullwave_abdominal_wall_20240716_1_500_309_reg.hdf5,309,vishuman_abdwall_cropped_7left153s,False,True,False,False,True,True,False,True,False,False,True,False,True
fullwave_abdominal_wall_20240716_1_500,fullwave_abdominal_wall_20240716_1_500_310_reg.hdf5,310,vishuman_abdwall_153_h,False,False,True,True,False,False,True,False,True,True,False,True,False
fullwave_abdominal_wall_20240716_1_500,fullwave_abdominal_wall_20240716_1_500_311_reg.hdf5,311,vishuman_abdwall_cropped_6left153s,False,True,False,False,True,True,False,True,False,False,True,False,True
fullwave_abdominal_wall_20240716_1_500,fullwave_abdominal_wall_20240716_1_500_312_reg.hdf5,312,vishuman_abdwall_cropped_7left153s,False,True,False,False,True,True,False,True,False,False,True,False,True
fullwave_abdominal_wall_20240716_1_500,fullwave_abdominal_wall_20240716_1_500_313_reg.hdf5,313,vishuman_abdwall_cropped_7left153s,False,True,False,False,True,True,False,True,False,False,True,False,True
fullwave_abdominal_wall_20240716_1_500,fullwave_abdominal_wall_20240716_1_500_314_reg.hdf5,314,vishuman_abdwall_set_07,False,True,False,False,True,True,False,True,False,True,False,False,True
fullwave_abdominal_wall_20240716_1_500,fullwave_abdominal_wall_20240716_1_500_315_reg.hdf5,315,vishuman_abdwall_set_11,False,False,True,True,False,False,False,False,True,True,False,True,False
fullwave_abdominal_wall_20240716_1_500,fullwave_abdominal_wall_20240716_1_500_316_reg.hdf5,316,vishuman_abdwall_cropped_7-153s,False,False,True,True,False,False,True,False,True,True,False,True,False
fullwave_abdominal_wall_20240716_1_500,fullwave_abdominal_wall_20240716_1_500_317_reg.hdf5,317,vishuman_abdwall_cropped_5left153s,False,True,False,False,True,True,False,True,False,True,False,True,False
fullwave_abdominal_wall_20240716_1_500,fullwave_abdominal_wall_20240716_1_500_318_reg.hdf5,318,vishuman_abdwall_153_h,False,False,True,True,False,False,True,False,True,True,False,True,False
fullwave_abdominal_wall_20240716_1_500,fullwave_abdominal_wall_20240716_1_500_319_reg.hdf5,319,vishuman_abdwall_cropped_7-153s,False,False,True,True,False,False,True,False,True,True,False,True,False
fullwave_abdominal_wall_20240716_1_500,fullwave_abdominal_wall_20240716_1_500_320_reg.hdf5,320,vishuman_abdwall_set_05,False,True,False,False,True,True,False,True,False,False,True,False,False
fullwave_abdominal_wall_20240716_1_500,fullwave_abdominal_wall_20240716_1_500_321_reg.hdf5,321,vishuman_abdwall_cropped_7-153s,False,False,True,True,False,False,True,False,True,True,False,True,False
fullwave_abdominal_wall_20240716_1_500,fullwave_abdominal_wall_20240716_1_500_322_reg.hdf5,322,vishuman_abdwall_set_07,False,True,False,False,True,True,False,True,False,True,False,False,True
fullwave_abdominal_wall_20240716_1_500,fullwave_abdominal_wall_20240716_1_500_323_reg.hdf5,323,vishuman_abdwall_153_h,False,False,True,True,False,False,True,False,True,True,False,True,False
fullwave_abdominal_wall_20240716_1_500,fullwave_abdominal_wall_20240716_1_500_324_reg.hdf5,324,vishuman_abdwall_set_05,False,True,False,False,True,True,False,True,False,False,True,False,False
fullwave_abdominal_wall_20240716_1_500,fullwave_abdominal_wall_20240716_1_500_325_reg.hdf5,325,vishuman_abdwall_set_07,False,True,False,False,True,True,False,True,False,True,False,False,True
fullwave_abdominal_wall_20240716_1_500,fullwave_abdominal_wall_20240716_1_500_326_reg.hdf5,326,vishuman_abdwall_set_10,False,False,True,True,False,True,False,False,True,True,False,True,False
fullwave_abdominal_wall_20240716_1_500,fullwave_abdominal_wall_20240716_1_500_327_reg.hdf5,327,vishuman_abdwall_set_07,False,True,False,False,True,True,False,True,False,True,False,False,True
fullwave_abdominal_wall_20240716_1_500,fullwave_abdominal_wall_20240716_1_500_328_reg.hdf5,328,vishuman_abdwall_set_12,False,False,True,True,False,False,True,False,False,True,False,True,False
fullwave_abdominal_wall_20240716_1_500,fullwave_abdominal_wall_20240716_1_500_330_reg.hdf5,330,vishuman_abdwall_set_12,False,False,True,True,False,False,True,False,False,True,False,True,False
fullwave_abdominal_wall_20240716_1_500,fullwave_abdominal_wall_20240716_1_500_331_reg.hdf5,331,vishuman_abdwall_set_07,False,True,False,False,True,True,False,True,False,True,False,False,True
fullwave_abdominal_wall_20240716_1_500,fullwave_abdominal_wall_20240716_1_500_332_reg.hdf5,332,vishuman_abdwall_set_12,False,False,True,True,False,False,True,False,False,True,False,True,False
fullwave_abdominal_wall_20240716_1_500,fullwave_abdominal_wall_20240716_1_500_333_reg.hdf5,333,vishuman_abdwall_set_12,False,False,True,True,False,False,True,False,False,True,False,True,False
fullwave_abdominal_wall_20240716_1_500,fullwave_abdominal_wall_20240716_1_500_334_reg.hdf5,334,vishuman_abdwall_153_h,False,False,True,True,False,False,True,False,True,True,False,True,False
fullwave_abdominal_wall_20240716_1_500,fullwave_abdominal_wall_20240716_1_500_335_reg.hdf5,335,vishuman_abdwall_cropped_5left153s,False,True,False,False,True,True,False,True,False,True,False,True,False
fullwave_abdominal_wall_20240716_1_500,fullwave_abdominal_wall_20240716_1_500_336_reg.hdf5,336,vishuman_abdwall_153_h,False,False,True,True,False,False,True,False,True,True,False,True,False
fullwave_abdominal_wall_20240716_1_500,fullwave_abdominal_wall_20240716_1_500_337_reg.hdf5,337,vishuman_abdwall_set_07,False,True,False,False,True,True,False,True,False,True,False,False,True
fullwave_abdominal_wall_20240716_1_500,fullwave_abdominal_wall_20240716_1_500_338_reg.hdf5,338,vishuman_abdwall_set_13,False,False,True,True,False,False,True,True,False,True,False,True,False
fullwave_abdominal_wall_20240716_1_500,fullwave_abdominal_wall_20240716_1_500_339_reg.hdf5,339,vishuman_abdwall_cropped_5left153s,False,True,False,False,True,True,False,True,False,True,False,True,False
fullwave_abdominal_wall_20240716_1_500,fullwave_abdominal_wall_20240716_1_500_340_reg.hdf5,340,vishuman_abdwall_153_h,False,False,True,True,False,False,True,False,True,True,False,True,False
fullwave_abdominal_wall_20240716_1_500,fullwave_abdominal_wall_20240716_1_500_341_reg.hdf5,341,vishuman_abdwall_set_06,False,True,False,False,True,True,False,True,False,False,False,False,True
fullwave_abdominal_wall_20240716_1_500,fullwave_abdominal_wall_20240716_1_500_342_reg.hdf5,342,vishuman_abdwall_set_12,False,False,True,True,False,False,True,False,False,True,False,True,False
fullwave_abdominal_wall_20240716_1_500,fullwave_abdominal_wall_20240716_1_500_343_reg.hdf5,343,vishuman_abdwall_cropped_7left153s,False,True,False,False,True,True,False,True,False,False,True,False,True
fullwave_abdominal_wall_20240716_1_500,fullwave_abdominal_wall_20240716_1_500_344_reg.hdf5,344,vishuman_abdwall_set_05,False,True,False,False,True,True,False,True,False,False,True,False,False
fullwave_abdominal_wall_20240716_1_500,fullwave_abdominal_wall_20240716_1_500_345_reg.hdf5,345,vishuman_abdwall_set_11,False,False,True,True,False,False,False,False,True,True,False,True,False
fullwave_abdominal_wall_20240716_1_500,fullwave_abdominal_wall_20240716_1_500_346_reg.hdf5,346,vishuman_abdwall_set_05,False,True,False,False,True,True,False,True,False,False,True,False,False
fullwave_abdominal_wall_20240716_1_500,fullwave_abdominal_wall_20240716_1_500_347_reg.hdf5,347,vishuman_abdwall_set_06,False,True,False,False,True,True,False,True,False,False,False,False,True
fullwave_abdominal_wall_20240716_1_500,fullwave_abdominal_wall_20240716_1_500_348_reg.hdf5,348,vishuman_abdwall_set_13,False,False,True,True,False,False,True,True,False,True,False,True,False
fullwave_abdominal_wall_20240716_1_500,fullwave_abdominal_wall_20240716_1_500_349_reg.hdf5,349,vishuman_abdwall_cropped_5left153s,False,True,False,False,True,True,False,True,False,True,False,True,False
fullwave_abdominal_wall_20240716_1_500,fullwave_abdominal_wall_20240716_1_500_350_reg.hdf5,350,vishuman_abdwall_cropped_7-153s,False,False,True,True,False,False,True,False,True,True,False,True,False
fullwave_abdominal_wall_20240716_1_500,fullwave_abdominal_wall_20240716_1_500_351_reg.hdf5,351,vishuman_abdwall_set_07,False,True,False,False,True,True,False,True,False,True,False,False,True
fullwave_abdominal_wall_20240716_1_500,fullwave_abdominal_wall_20240716_1_500_352_reg.hdf5,352,vishuman_abdwall_set_04,False,True,False,False,True,True,False,True,False,False,True,True,False
fullwave_abdominal_wall_20240716_1_500,fullwave_abdominal_wall_20240716_1_500_354_reg.hdf5,354,vishuman_abdwall_set_07,False,True,False,False,True,True,False,True,False,True,False,False,True
fullwave_abdominal_wall_20240716_1_500,fullwave_abdominal_wall_20240716_1_500_355_reg.hdf5,355,vishuman_abdwall_set_04,False,True,False,False,True,True,False,True,False,False,True,True,False
fullwave_abdominal_wall_20240716_1_500,fullwave_abdominal_wall_20240716_1_500_357_reg.hdf5,357,vishuman_abdwall_cropped_7-153s,False,False,True,True,False,False,True,False,True,True,False,True,False
fullwave_abdominal_wall_20240716_1_500,fullwave_abdominal_wall_20240716_1_500_358_reg.hdf5,358,vishuman_abdwall_set_10,False,False,True,True,False,True,False,False,True,True,False,True,False
fullwave_abdominal_wall_20240716_1_500,fullwave_abdominal_wall_20240716_1_500_359_reg.hdf5,359,vishuman_abdwall_set_06,False,True,False,False,True,True,False,True,False,False,False,False,True
fullwave_abdominal_wall_20240716_1_500,fullwave_abdominal_wall_20240716_1_500_361_reg.hdf5,361,vishuman_abdwall_set_12,False,False,True,True,False,False,True,False,False,True,False,True,False
fullwave_abdominal_wall_20240716_1_500,fullwave_abdominal_wall_20240716_1_500_362_reg.hdf5,362,vishuman_abdwall_set_06,False,True,False,False,True,True,False,True,False,False,False,False,True
fullwave_abdominal_wall_20240716_1_500,fullwave_abdominal_wall_20240716_1_500_363_reg.hdf5,363,vishuman_abdwall_set_13,False,False,True,True,False,False,True,True,False,True,False,True,False
fullwave_abdominal_wall_20240716_1_500,fullwave_abdominal_wall_20240716_1_500_364_reg.hdf5,364,vishuman_abdominal_cropped,False,True,False,True,False,True,False,True,False,True,False,True,False
fullwave_abdominal_wall_20240716_1_500,fullwave_abdominal_wall_20240716_1_500_365_reg.hdf5,365,vishuman_abdwall_set_05,False,True,False,False,True,True,False,True,False,False,True,False,False
fullwave_abdominal_wall_20240716_1_500,fullwave_abdominal_wall_20240716_1_500_366_reg.hdf5,366,vishuman_abdwall_153_h,False,False,True,True,False,False,True,False,True,True,False,True,False
fullwave_abdominal_wall_20240716_1_500,fullwave_abdominal_wall_20240716_1_500_367_reg.hdf5,367,vishuman_abdwall_set_04,False,True,False,False,True,True,False,True,False,False,True,True,False
fullwave_abdominal_wall_20240716_1_500,fullwave_abdominal_wall_20240716_1_500_368_reg.hdf5,368,vishuman_abdwall_set_05,False,True,False,False,True,True,False,True,False,False,True,False,False
fullwave_abdominal_wall_20240716_1_500,fullwave_abdominal_wall_20240716_1_500_369_reg.hdf5,369,vishuman_abdwall_cropped_5left153s,False,True,False,False,True,True,False,True,False,True,False,True,False
fullwave_abdominal_wall_20240716_1_500,fullwave_abdominal_wall_20240716_1_500_370_reg.hdf5,370,vishuman_abdwall_cropped_7-153s,False,False,True,True,False,False,True,False,True,True,False,True,False
fullwave_abdominal_wall_20240716_1_500,fullwave_abdominal_wall_20240716_1_500_371_reg.hdf5,371,vishuman_abdwall_set_13,False,False,True,True,False,False,True,True,False,True,False,True,False
fullwave_abdominal_wall_20240716_1_500,fullwave_abdominal_wall_20240716_1_500_372_reg.hdf5,372,vishuman_abdwall_set_06,False,True,False,False,True,True,False,True,False,False,False,False,True
fullwave_abdominal_wall_20240716_1_500,fullwave_abdominal_wall_20240716_1_500_373_reg.hdf5,373,vishuman_abdominal_cropped,False,True,False,True,False,True,False,True,False,True,False,True,False
fullwave_abdominal_wall_20240716_1_500,fullwave_abdominal_wall_20240716_1_500_375_reg.hdf5,375,vishuman_abdwall_set_13,False,False,True,True,False,False,True,True,False,True,False,True,False
fullwave_abdominal_wall_20240716_1_500,fullwave_abdominal_wall_20240716_1_500_377_reg.hdf5,377,vishuman_abdwall_set_06,False,True,False,False,True,True,False,True,False,False,False,False,True
fullwave_abdominal_wall_20240716_1_500,fullwave_abdominal_wall_20240716_1_500_378_reg.hdf5,378,vishuman_abdwall_cropped_7-153s,False,False,True,True,False,False,True,False,True,True,False,True,False
fullwave_abdominal_wall_20240716_1_500,fullwave_abdominal_wall_20240716_1_500_379_reg.hdf5,379,vishuman_abdwall_set_07,False,True,False,False,True,True,False,True,False,True,False,False,True
fullwave_abdominal_wall_20240716_1_500,fullwave_abdominal_wall_20240716_1_500_380_reg.hdf5,380,vishuman_abdwall_cropped_5left153s,False,True,False,False,True,True,False,True,False,True,False,True,False
fullwave_abdominal_wall_20240716_1_500,fullwave_abdominal_wall_20240716_1_500_381_reg.hdf5,381,vishuman_abdwall_set_12,False,False,True,True,False,False,True,False,False,True,False,True,False
fullwave_abdominal_wall_20240716_1_500,fullwave_abdominal_wall_20240716_1_500_382_reg.hdf5,382,vishuman_abdwall_cropped_6left153s,False,True,False,False,True,True,False,True,False,False,True,False,True
fullwave_abdominal_wall_20240716_1_500,fullwave_abdominal_wall_20240716_1_500_383_reg.hdf5,383,vishuman_abdwall_set_07,False,True,False,False,True,True,False,True,False,True,False,False,True
fullwave_abdominal_wall_20240716_1_500,fullwave_abdominal_wall_20240716_1_500_384_reg.hdf5,384,vishuman_abdwall_set_07,False,True,False,False,True,True,False,True,False,True,False,False,True
fullwave_abdominal_wall_20240716_1_500,fullwave_abdominal_wall_20240716_1_500_385_reg.hdf5,385,vishuman_abdwall_set_12,False,False,True,True,False,False,True,False,False,True,False,True,False
fullwave_abdominal_wall_20240716_1_500,fullwave_abdominal_wall_20240716_1_500_386_reg.hdf5,386,vishuman_abdwall_set_10,False,False,True,True,False,True,False,False,True,True,False,True,False
fullwave_abdominal_wall_20240716_1_500,fullwave_abdominal_wall_20240716_1_500_387_reg.hdf5,387,vishuman_abdwall_set_12,False,False,True,True,False,False,True,False,False,True,False,True,False
fullwave_abdominal_wall_20240716_1_500,fullwave_abdominal_wall_20240716_1_500_388_reg.hdf5,388,vishuman_abdwall_cropped_7-153s,False,False,True,True,False,False,True,False,True,True,False,True,False
fullwave_abdominal_wall_20240716_1_500,fullwave_abdominal_wall_20240716_1_500_389_reg.hdf5,389,vishuman_abdominal_cropped,False,True,False,True,False,True,False,True,False,True,False,True,False
fullwave_abdominal_wall_20240716_1_500,fullwave_abdominal_wall_20240716_1_500_390_reg.hdf5,390,vishuman_abdwall_set_10,False,False,True,True,False,True,False,False,True,True,False,True,False
fullwave_abdominal_wall_20240716_1_500,fullwave_abdominal_wall_20240716_1_500_391_reg.hdf5,391,vishuman_abdwall_set_07,False,True,False,False,True,True,False,True,False,True,False,False,True
fullwave_abdominal_wall_20240716_1_500,fullwave_abdominal_wall_20240716_1_500_392_reg.hdf5,392,vishuman_abdwall_cropped_7-153s,False,False,True,True,False,False,True,False,True,True,False,True,False
fullwave_abdominal_wall_20240716_1_500,fullwave_abdominal_wall_20240716_1_500_393_reg.hdf5,393,vishuman_abdwall_cropped_5left153s,False,True,False,False,True,True,False,True,False,True,False,True,False
fullwave_abdominal_wall_20240716_1_500,fullwave_abdominal_wall_20240716_1_500_394_reg.hdf5,394,vishuman_abdwall_set_05,False,True,False,False,True,True,False,True,False,False,True,False,False
fullwave_abdominal_wall_20240716_1_500,fullwave_abdominal_wall_20240716_1_500_395_reg.hdf5,395,vishuman_abdwall_set_12,False,False,True,True,False,False,True,False,False,True,False,True,False
fullwave_abdominal_wall_20240716_1_500,fullwave_abdominal_wall_20240716_1_500_396_reg.hdf5,396,vishuman_abdwall_set_12,False,False,True,True,False,False,True,False,False,True,False,True,False
fullwave_abdominal_wall_20240716_1_500,fullwave_abdominal_wall_20240716_1_500_397_reg.hdf5,397,vishuman_abdwall_153_h,False,False,True,True,False,False,True,False,True,True,False,True,False
fullwave_abdominal_wall_20240716_1_500,fullwave_abdominal_wall_20240716_1_500_398_reg.hdf5,398,vishuman_abdwall_cropped_6left153s,False,True,False,False,True,True,False,True,False,False,True,False,True
fullwave_abdominal_wall_20240716_1_500,fullwave_abdominal_wall_20240716_1_500_400_reg.hdf5,400,vishuman_abdwall_set_12,False,False,True,True,False,False,True,False,False,True,False,True,False
fullwave_abdominal_wall_20240716_1_500,fullwave_abdominal_wall_20240716_1_500_401_reg.hdf5,401,vishuman_abdwall_set_13,False,False,True,True,False,False,True,True,False,True,False,True,False
fullwave_abdominal_wall_20240716_1_500,fullwave_abdominal_wall_20240716_1_500_402_reg.hdf5,402,vishuman_abdwall_153_h,False,False,True,True,False,False,True,False,True,True,False,True,False
fullwave_abdominal_wall_20240716_1_500,fullwave_abdominal_wall_20240716_1_500_403_reg.hdf5,403,vishuman_abdwall_set_05,False,True,False,False,True,True,False,True,False,False,True,False,False
fullwave_abdominal_wall_20240716_1_500,fullwave_abdominal_wall_20240716_1_500_404_reg.hdf5,404,vishuman_abdwall_set_06,False,True,False,False,True,True,False,True,False,False,False,False,True
fullwave_abdominal_wall_20240716_1_500,fullwave_abdominal_wall_20240716_1_500_405_reg.hdf5,405,vishuman_abdwall_153_h,False,False,True,True,False,False,True,False,True,True,False,True,False
fullwave_abdominal_wall_20240716_1_500,fullwave_abdominal_wall_20240716_1_500_406_reg.hdf5,406,vishuman_abdwall_set_05,False,True,False,False,True,True,False,True,False,False,True,False,False
fullwave_abdominal_wall_20240716_1_500,fullwave_abdominal_wall_20240716_1_500_407_reg.hdf5,407,vishuman_abdwall_set_12,False,False,True,True,False,False,True,False,False,True,False,True,False
fullwave_abdominal_wall_20240716_1_500,fullwave_abdominal_wall_20240716_1_500_408_reg.hdf5,408,vishuman_abdwall_set_12,False,False,True,True,False,False,True,False,False,True,False,True,False
fullwave_abdominal_wall_20240716_1_500,fullwave_abdominal_wall_20240716_1_500_409_reg.hdf5,409,vishuman_abdwall_set_05,False,True,False,False,True,True,False,True,False,False,True,False,False
fullwave_abdominal_wall_20240716_1_500,fullwave_abdominal_wall_20240716_1_500_410_reg.hdf5,410,vishuman_abdwall_set_06,False,True,False,False,True,True,False,True,False,False,False,False,True
fullwave_abdominal_wall_20240716_1_500,fullwave_abdominal_wall_20240716_1_500_411_reg.hdf5,411,vishuman_abdwall_set_07,False,True,False,False,True,True,False,True,False,True,False,False,True
fullwave_abdominal_wall_20240716_1_500,fullwave_abdominal_wall_20240716_1_500_412_reg.hdf5,412,vishuman_abdwall_set_04,False,True,False,False,True,True,False,True,False,False,True,True,False
fullwave_abdominal_wall_20240716_1_500,fullwave_abdominal_wall_20240716_1_500_414_reg.hdf5,414,vishuman_abdominal_cropped,False,True,False,True,False,True,False,True,False,True,False,True,False
fullwave_abdominal_wall_20240716_1_500,fullwave_abdominal_wall_20240716_1_500_415_reg.hdf5,415,vishuman_abdwall_set_13,False,False,True,True,False,False,True,True,False,True,False,True,False
fullwave_abdominal_wall_20240716_1_500,fullwave_abdominal_wall_20240716_1_500_416_reg.hdf5,416,vishuman_abdwall_cropped_6left153s,False,True,False,False,True,True,False,True,False,False,True,False,True
fullwave_abdominal_wall_20240716_1_500,fullwave_abdominal_wall_20240716_1_500_418_reg.hdf5,418,vishuman_abdwall_set_11,False,False,True,True,False,False,False,False,True,True,False,True,False
fullwave_abdominal_wall_20240716_1_500,fullwave_abdominal_wall_20240716_1_500_419_reg.hdf5,419,vishuman_abdwall_cropped_7-153s,False,False,True,True,False,False,True,False,True,True,False,True,False
fullwave_abdominal_wall_20240716_1_500,fullwave_abdominal_wall_20240716_1_500_420_reg.hdf5,420,vishuman_abdominal_cropped,False,True,False,True,False,True,False,True,False,True,False,True,False
fullwave_abdominal_wall_20240716_1_500,fullwave_abdominal_wall_20240716_1_500_421_reg.hdf5,421,vishuman_abdwall_cropped_7-153s,False,False,True,True,False,False,True,False,True,True,False,True,False
fullwave_abdominal_wall_20240716_1_500,fullwave_abdominal_wall_20240716_1_500_423_reg.hdf5,423,vishuman_abdwall_153_h,False,False,True,True,False,False,True,False,True,True,False,True,False
fullwave_abdominal_wall_20240716_1_500,fullwave_abdominal_wall_20240716_1_500_424_reg.hdf5,424,vishuman_abdwall_set_07,False,True,False,False,True,True,False,True,False,True,False,False,True
fullwave_abdominal_wall_20240716_1_500,fullwave_abdominal_wall_20240716_1_500_425_reg.hdf5,425,vishuman_abdwall_cropped_7left153s,False,True,False,False,True,True,False,True,False,False,True,False,True
fullwave_abdominal_wall_20240716_1_500,fullwave_abdominal_wall_20240716_1_500_426_reg.hdf5,426,vishuman_abdwall_set_13,False,False,True,True,False,False,True,True,False,True,False,True,False
fullwave_abdominal_wall_20240716_1_500,fullwave_abdominal_wall_20240716_1_500_430_reg.hdf5,430,vishuman_abdwall_set_12,False,False,True,True,False,False,True,False,False,True,False,True,False
fullwave_abdominal_wall_20240716_1_500,fullwave_abdominal_wall_20240716_1_500_431_reg.hdf5,431,vishuman_abdwall_set_04,False,True,False,False,True,True,False,True,False,False,True,True,False
fullwave_abdominal_wall_20240716_1_500,fullwave_abdominal_wall_20240716_1_500_432_reg.hdf5,432,vishuman_abdwall_set_06,False,True,False,False,True,True,False,True,False,False,False,False,True
fullwave_abdominal_wall_20240716_1_500,fullwave_abdominal_wall_20240716_1_500_433_reg.hdf5,433,vishuman_abdwall_set_13,False,False,True,True,False,False,True,True,False,True,False,True,False
fullwave_abdominal_wall_20240716_1_500,fullwave_abdominal_wall_20240716_1_500_434_reg.hdf5,434,vishuman_abdwall_set_04,False,True,False,False,True,True,False,True,False,False,True,True,False
fullwave_abdominal_wall_20240716_1_500,fullwave_abdominal_wall_20240716_1_500_435_reg.hdf5,435,vishuman_abdwall_set_10,False,False,True,True,False,True,False,False,True,True,False,True,False
fullwave_abdominal_wall_20240716_1_500,fullwave_abdominal_wall_20240716_1_500_436_reg.hdf5,436,vishuman_abdwall_set_13,False,False,True,True,False,False,True,True,False,True,False,True,False
fullwave_abdominal_wall_20240716_1_500,fullwave_abdominal_wall_20240716_1_500_438_reg.hdf5,438,vishuman_abdwall_cropped_5left153s,False,True,False,False,True,True,False,True,False,True,False,True,False
fullwave_abdominal_wall_20240716_1_500,fullwave_abdominal_wall_20240716_1_500_439_reg.hdf5,439,vishuman_abdwall_set_06,False,True,False,False,True,True,False,True,False,False,False,False,True
fullwave_abdominal_wall_20240716_1_500,fullwave_abdominal_wall_20240716_1_500_440_reg.hdf5,440,vishuman_abdwall_cropped_7-153s,False,False,True,True,False,False,True,False,True,True,False,True,False
fullwave_abdominal_wall_20240716_1_500,fullwave_abdominal_wall_20240716_1_500_441_reg.hdf5,441,vishuman_abdwall_set_04,False,True,False,False,True,True,False,True,False,False,True,True,False
fullwave_abdominal_wall_20240716_1_500,fullwave_abdominal_wall_20240716_1_500_442_reg.hdf5,442,vishuman_abdwall_set_13,False,False,True,True,False,False,True,True,False,True,False,True,False
fullwave_abdominal_wall_20240716_1_500,fullwave_abdominal_wall_20240716_1_500_443_reg.hdf5,443,vishuman_abdwall_set_07,False,True,False,False,True,True,False,True,False,True,False,False,True
fullwave_abdominal_wall_20240716_1_500,fullwave_abdominal_wall_20240716_1_500_444_reg.hdf5,444,vishuman_abdwall_set_10,False,False,True,True,False,True,False,False,True,True,False,True,False
fullwave_abdominal_wall_20240716_1_500,fullwave_abdominal_wall_20240716_1_500_445_reg.hdf5,445,vishuman_abdwall_set_13,False,False,True,True,False,False,True,True,False,True,False,True,False
fullwave_abdominal_wall_20240716_1_500,fullwave_abdominal_wall_20240716_1_500_446_reg.hdf5,446,vishuman_abdwall_set_04,False,True,False,False,True,True,False,True,False,False,True,True,False
fullwave_abdominal_wall_20240716_1_500,fullwave_abdominal_wall_20240716_1_500_447_reg.hdf5,447,vishuman_abdwall_set_05,False,True,False,False,True,True,False,True,False,False,True,False,False
fullwave_abdominal_wall_20240716_1_500,fullwave_abdominal_wall_20240716_1_500_448_reg.hdf5,448,vishuman_abdwall_set_13,False,False,True,True,False,False,True,True,False,True,False,True,False
fullwave_abdominal_wall_20240716_1_500,fullwave_abdominal_wall_20240716_1_500_449_reg.hdf5,449,vishuman_abdominal_cropped,False,True,False,True,False,True,False,True,False,True,False,True,False
fullwave_abdominal_wall_20240716_1_500,fullwave_abdominal_wall_20240716_1_500_450_reg.hdf5,450,vishuman_abdwall_cropped_5left153s,False,True,False,False,True,True,False,True,False,True,False,True,False
fullwave_abdominal_wall_20240716_1_500,fullwave_abdominal_wall_20240716_1_500_453_reg.hdf5,453,vishuman_abdwall_set_06,False,True,False,False,True,True,False,True,False,False,False,False,True
fullwave_abdominal_wall_20240716_1_500,fullwave_abdominal_wall_20240716_1_500_454_reg.hdf5,454,vishuman_abdwall_set_12,False,False,True,True,False,False,True,False,False,True,False,True,False
fullwave_abdominal_wall_20240716_1_500,fullwave_abdominal_wall_20240716_1_500_455_reg.hdf5,455,vishuman_abdwall_set_10,False,False,True,True,False,True,False,False,True,True,False,True,False
fullwave_abdominal_wall_20240716_1_500,fullwave_abdominal_wall_20240716_1_500_456_reg.hdf5,456,vishuman_abdwall_set_11,False,False,True,True,False,False,False,False,True,True,False,True,False
fullwave_abdominal_wall_20240716_1_500,fullwave_abdominal_wall_20240716_1_500_457_reg.hdf5,457,vishuman_abdwall_set_05,False,True,False,False,True,True,False,True,False,False,True,False,False
fullwave_abdominal_wall_20240716_1_500,fullwave_abdominal_wall_20240716_1_500_458_reg.hdf5,458,vishuman_abdwall_set_06,False,True,False,False,True,True,False,True,False,False,False,False,True
fullwave_abdominal_wall_20240716_1_500,fullwave_abdominal_wall_20240716_1_500_459_reg.hdf5,459,vishuman_abdwall_set_07,False,True,False,False,True,True,False,True,False,True,False,False,True
fullwave_abdominal_wall_20240716_1_500,fullwave_abdominal_wall_20240716_1_500_460_reg.hdf5,460,vishuman_abdwall_cropped_6left153s,False,True,False,False,True,True,False,True,False,False,True,False,True
fullwave_abdominal_wall_20240716_1_500,fullwave_abdominal_wall_20240716_1_500_461_reg.hdf5,461,vishuman_abdwall_set_13,False,False,True,True,False,False,True,True,False,True,False,True,False
fullwave_abdominal_wall_20240716_1_500,fullwave_abdominal_wall_20240716_1_500_462_reg.hdf5,462,vishuman_abdwall_set_07,False,True,False,False,True,True,False,True,False,True,False,False,True
fullwave_abdominal_wall_20240716_1_500,fullwave_abdominal_wall_20240716_1_500_463_reg.hdf5,463,vishuman_abdwall_set_13,False,False,True,True,False,False,True,True,False,True,False,True,False
fullwave_abdominal_wall_20240716_1_500,fullwave_abdominal_wall_20240716_1_500_465_reg.hdf5,465,vishuman_abdwall_set_13,False,False,True,True,False,False,True,True,False,True,False,True,False
fullwave_abdominal_wall_20240716_1_500,fullwave_abdominal_wall_20240716_1_500_467_reg.hdf5,467,vishuman_abdominal_cropped,False,True,False,True,False,True,False,True,False,True,False,True,False
fullwave_abdominal_wall_20240716_1_500,fullwave_abdominal_wall_20240716_1_500_468_reg.hdf5,468,vishuman_abdwall_set_10,False,False,True,True,False,True,False,False,True,True,False,True,False
fullwave_abdominal_wall_20240716_1_500,fullwave_abdominal_wall_20240716_1_500_469_reg.hdf5,469,vishuman_abdwall_153_h,False,False,True,True,False,False,True,False,True,True,False,True,False
fullwave_abdominal_wall_20240716_1_500,fullwave_abdominal_wall_20240716_1_500_470_reg.hdf5,470,vishuman_abdominal_cropped,False,True,False,True,False,True,False,True,False,True,False,True,False
fullwave_abdominal_wall_20240716_1_500,fullwave_abdominal_wall_20240716_1_500_471_reg.hdf5,471,vishuman_abdwall_set_10,False,False,True,True,False,True,False,False,True,True,False,True,False
fullwave_abdominal_wall_20240716_1_500,fullwave_abdominal_wall_20240716_1_500_472_reg.hdf5,472,vishuman_abdwall_cropped_5left153s,False,True,False,False,True,True,False,True,False,True,False,True,False
fullwave_abdominal_wall_20240716_1_500,fullwave_abdominal_wall_20240716_1_500_473_reg.hdf5,473,vishuman_abdwall_set_12,False,False,True,True,False,False,True,False,False,True,False,True,False
fullwave_abdominal_wall_20240716_1_500,fullwave_abdominal_wall_20240716_1_500_474_reg.hdf5,474,vishuman_abdwall_set_07,False,True,False,False,True,True,False,True,False,True,False,False,True
fullwave_abdominal_wall_20240716_1_500,fullwave_abdominal_wall_20240716_1_500_475_reg.hdf5,475,vishuman_abdominal_cropped,False,True,False,True,False,True,False,True,False,True,False,True,False
fullwave_abdominal_wall_20240716_1_500,fullwave_abdominal_wall_20240716_1_500_476_reg.hdf5,476,vishuman_abdwall_cropped_7-153s,False,False,True,True,False,False,True,False,True,True,False,True,False
fullwave_abdominal_wall_20240716_1_500,fullwave_abdominal_wall_20240716_1_500_478_reg.hdf5,478,vishuman_abdwall_set_05,False,True,False,False,True,True,False,True,False,False,True,False,False
fullwave_abdominal_wall_20240716_1_500,fullwave_abdominal_wall_20240716_1_500_479_reg.hdf5,479,vishuman_abdwall_set_13,False,False,True,True,False,False,True,True,False,True,False,True,False
fullwave_abdominal_wall_20240716_1_500,fullwave_abdominal_wall_20240716_1_500_480_reg.hdf5,480,vishuman_abdwall_set_13,False,False,True,True,False,False,True,True,False,True,False,True,False
fullwave_abdominal_wall_20240716_1_500,fullwave_abdominal_wall_20240716_1_500_482_reg.hdf5,482,vishuman_abdominal_cropped,False,True,False,True,False,True,False,True,False,True,False,True,False
fullwave_abdominal_wall_20240716_1_500,fullwave_abdominal_wall_20240716_1_500_483_reg.hdf5,483,vishuman_abdwall_cropped_7-153s,False,False,True,True,False,False,True,False,True,True,False,True,False
fullwave_abdominal_wall_20240716_1_500,fullwave_abdominal_wall_20240716_1_500_484_reg.hdf5,484,vishuman_abdwall_cropped_7left153s,False,True,False,False,True,True,False,True,False,False,True,False,True
fullwave_abdominal_wall_20240716_1_500,fullwave_abdominal_wall_20240716_1_500_486_reg.hdf5,486,vishuman_abdominal_cropped,False,True,False,True,False,True,False,True,False,True,False,True,False
fullwave_abdominal_wall_20240716_1_500,fullwave_abdominal_wall_20240716_1_500_487_reg.hdf5,487,vishuman_abdwall_cropped_7left153s,False,True,False,False,True,True,False,True,False,False,True,False,True
fullwave_abdominal_wall_20240716_1_500,fullwave_abdominal_wall_20240716_1_500_488_reg.hdf5,488,vishuman_abdwall_cropped_6left153s,False,True,False,False,True,True,False,True,False,False,True,False,True
fullwave_abdominal_wall_20240716_1_500,fullwave_abdominal_wall_20240716_1_500_489_reg.hdf5,489,vishuman_abdwall_cropped_6left153s,False,True,False,False,True,True,False,True,False,False,True,False,True
fullwave_abdominal_wall_20240716_1_500,fullwave_abdominal_wall_20240716_1_500_490_reg.hdf5,490,vishuman_abdwall_cropped_5left153s,False,True,False,False,True,True,False,True,False,True,False,True,False
fullwave_abdominal_wall_20240716_1_500,fullwave_abdominal_wall_20240716_1_500_491_reg.hdf5,491,vishuman_abdwall_set_07,False,True,False,False,True,True,False,True,False,True,False,False,True
fullwave_abdominal_wall_20240716_1_500,fullwave_abdominal_wall_20240716_1_500_492_reg.hdf5,492,vishuman_abdwall_set_04,False,True,False,False,True,True,False,True,False,False,True,True,False
fullwave_abdominal_wall_20240716_1_500,fullwave_abdominal_wall_20240716_1_500_493_reg.hdf5,493,vishuman_abdwall_set_07,False,True,False,False,True,True,False,True,False,True,False,False,True
fullwave_abdominal_wall_20240716_1_500,fullwave_abdominal_wall_20240716_1_500_494_reg.hdf5,494,vishuman_abdwall_set_11,False,False,True,True,False,False,False,False,True,True,False,True,False
fullwave_abdominal_wall_20240716_1_500,fullwave_abdominal_wall_20240716_1_500_495_reg.hdf5,495,vishuman_abdwall_set_13,False,False,True,True,False,False,True,True,False,True,False,True,False
fullwave_abdominal_wall_20240716_1_500,fullwave_abdominal_wall_20240716_1_500_496_reg.hdf5,496,vishuman_abdwall_set_11,False,False,True,True,False,False,False,False,True,True,False,True,False
fullwave_abdominal_wall_20240716_1_500,fullwave_abdominal_wall_20240716_1_500_497_reg.hdf5,497,vishuman_abdwall_set_12,False,False,True,True,False,False,True,False,False,True,False,True,False
fullwave_abdominal_wall_20240716_1_500,fullwave_abdominal_wall_20240716_1_500_498_reg.hdf5,498,vishuman_abdwall_cropped_7left153s,False,True,False,False,True,True,False,True,False,False,True,False,True
fullwave_abdominal_wall_20240716_1_500,fullwave_abdominal_wall_20240716_1_500_499_reg.hdf5,499,vishuman_abdwall_set_13,False,False,True,True,False,False,True,True,False,True,False,True,False
fullwave_abdominal_wall_20240716_1_500,fullwave_abdominal_wall_20240716_1_500_500_reg.hdf5,500,vishuman_abdwall_cropped_7left153s,False,True,False,False,True,True,False,True,False,False,True,False,True
fullwave_abdominal_wall_20240728_501_1000,fullwave_abdominal_wall_20240728_501_1000_501_reg.hdf5,501,vishuman_abdwall_set_11,False,False,True,True,False,False,False,False,True,True,False,True,False
fullwave_abdominal_wall_20240728_501_1000,fullwave_abdominal_wall_20240728_501_1000_502_reg.hdf5,502,vishuman_abdwall_set_13,False,False,True,True,False,False,True,True,False,True,False,True,False
fullwave_abdominal_wall_20240728_501_1000,fullwave_abdominal_wall_20240728_501_1000_503_reg.hdf5,503,vishuman_abdwall_set_10,False,False,True,True,False,True,False,False,True,True,False,True,False
fullwave_abdominal_wall_20240728_501_1000,fullwave_abdominal_wall_20240728_501_1000_504_reg.hdf5,504,vishuman_abdwall_set_06,False,True,False,False,True,True,False,True,False,False,False,False,True
fullwave_abdominal_wall_20240728_501_1000,fullwave_abdominal_wall_20240728_501_1000_505_reg.hdf5,505,vishuman_abdwall_set_05,False,True,False,False,True,True,False,True,False,False,True,False,False
fullwave_abdominal_wall_20240728_501_1000,fullwave_abdominal_wall_20240728_501_1000_506_reg.hdf5,506,vishuman_abdwall_set_12,False,False,True,True,False,False,True,False,False,True,False,True,False
fullwave_abdominal_wall_20240728_501_1000,fullwave_abdominal_wall_20240728_501_1000_507_reg.hdf5,507,vishuman_abdwall_set_07,False,True,False,False,True,True,False,True,False,True,False,False,True
fullwave_abdominal_wall_20240728_501_1000,fullwave_abdominal_wall_20240728_501_1000_508_reg.hdf5,508,vishuman_abdwall_set_11,False,False,True,True,False,False,False,False,True,True,False,True,False
fullwave_abdominal_wall_20240728_501_1000,fullwave_abdominal_wall_20240728_501_1000_509_reg.hdf5,509,vishuman_abdwall_set_06,False,True,False,False,True,True,False,True,False,False,False,False,True
fullwave_abdominal_wall_20240728_501_1000,fullwave_abdominal_wall_20240728_501_1000_511_reg.hdf5,511,vishuman_abdwall_set_05,False,True,False,False,True,True,False,True,False,False,True,False,False
fullwave_abdominal_wall_20240728_501_1000,fullwave_abdominal_wall_20240728_501_1000_512_reg.hdf5,512,vishuman_abdwall_set_12,False,False,True,True,False,False,True,False,False,True,False,True,False
fullwave_abdominal_wall_20240728_501_1000,fullwave_abdominal_wall_20240728_501_1000_513_reg.hdf5,513,vishuman_abdwall_153_h,False,False,True,True,False,False,True,False,True,True,False,True,False
fullwave_abdominal_wall_20240728_501_1000,fullwave_abdominal_wall_20240728_501_1000_515_reg.hdf5,515,vishuman_abdwall_set_13,False,False,True,True,False,False,True,True,False,True,False,True,False
fullwave_abdominal_wall_20240728_501_1000,fullwave_abdominal_wall_20240728_501_1000_516_reg.hdf5,516,vishuman_abdwall_set_04,False,True,False,False,True,True,False,True,False,False,True,True,False
fullwave_abdominal_wall_20240728_501_1000,fullwave_abdominal_wall_20240728_501_1000_517_reg.hdf5,517,vishuman_abdwall_set_10,False,False,True,True,False,True,False,False,True,True,False,True,False
fullwave_abdominal_wall_20240728_501_1000,fullwave_abdominal_wall_20240728_501_1000_518_reg.hdf5,518,vishuman_abdwall_set_07,False,True,False,False,True,True,False,True,False,True,False,False,True
fullwave_abdominal_wall_20240728_501_1000,fullwave_abdominal_wall_20240728_501_1000_519_reg.hdf5,519,vishuman_abdwall_cropped_5left153s,False,True,False,False,True,True,False,True,False,True,False,True,False
fullwave_abdominal_wall_20240728_501_1000,fullwave_abdominal_wall_20240728_501_1000_521_reg.hdf5,521,vishuman_abdwall_set_12,False,False,True,True,False,False,True,False,False,True,False,True,False
fullwave_abdominal_wall_20240728_501_1000,fullwave_abdominal_wall_20240728_501_1000_522_reg.hdf5,522,vishuman_abdwall_set_10,False,False,True,True,False,True,False,False,True,True,False,True,False
fullwave_abdominal_wall_20240728_501_1000,fullwave_abdominal_wall_20240728_501_1000_523_reg.hdf5,523,vishuman_abdwall_set_06,False,True,False,False,True,True,False,True,False,False,False,False,True
fullwave_abdominal_wall_20240728_501_1000,fullwave_abdominal_wall_20240728_501_1000_524_reg.hdf5,524,vishuman_abdominal_cropped,False,True,False,True,False,True,False,True,False,True,False,True,False
fullwave_abdominal_wall_20240728_501_1000,fullwave_abdominal_wall_20240728_501_1000_525_reg.hdf5,525,vishuman_abdwall_cropped_7-153s,False,False,True,True,False,False,True,False,True,True,False,True,False
fullwave_abdominal_wall_20240728_501_1000,fullwave_abdominal_wall_20240728_501_1000_526_reg.hdf5,526,vishuman_abdwall_set_04,False,True,False,False,True,True,False,True,False,False,True,True,False
fullwave_abdominal_wall_20240728_501_1000,fullwave_abdominal_wall_20240728_501_1000_527_reg.hdf5,527,vishuman_abdwall_cropped_7left153s,False,True,False,False,True,True,False,True,False,False,True,False,True
fullwave_abdominal_wall_20240728_501_1000,fullwave_abdominal_wall_20240728_501_1000_528_reg.hdf5,528,vishuman_abdwall_set_05,False,True,False,False,True,True,False,True,False,False,True,False,False
fullwave_abdominal_wall_20240728_501_1000,fullwave_abdominal_wall_20240728_501_1000_529_reg.hdf5,529,vishuman_abdwall_set_07,False,True,False,False,True,True,False,True,False,True,False,False,True
fullwave_abdominal_wall_20240728_501_1000,fullwave_abdominal_wall_20240728_501_1000_531_reg.hdf5,531,vishuman_abdominal_cropped,False,True,False,True,False,True,False,True,False,True,False,True,False
fullwave_abdominal_wall_20240728_501_1000,fullwave_abdominal_wall_20240728_501_1000_532_reg.hdf5,532,vishuman_abdwall_set_13,False,False,True,True,False,False,True,True,False,True,False,True,False
fullwave_abdominal_wall_20240728_501_1000,fullwave_abdominal_wall_20240728_501_1000_533_reg.hdf5,533,vishuman_abdwall_cropped_7left153s,False,True,False,False,True,True,False,True,False,False,True,False,True
fullwave_abdominal_wall_20240728_501_1000,fullwave_abdominal_wall_20240728_501_1000_534_reg.hdf5,534,vishuman_abdominal_cropped,False,True,False,True,False,True,False,True,False,True,False,True,False
fullwave_abdominal_wall_20240728_501_1000,fullwave_abdominal_wall_20240728_501_1000_535_reg.hdf5,535,vishuman_abdwall_cropped_7left153s,False,True,False,False,True,True,False,True,False,False,True,False,True
fullwave_abdominal_wall_20240728_501_1000,fullwave_abdominal_wall_20240728_501_1000_537_reg.hdf5,537,vishuman_abdwall_set_12,False,False,True,True,False,False,True,False,False,True,False,True,False
fullwave_abdominal_wall_20240728_501_1000,fullwave_abdominal_wall_20240728_501_1000_538_reg.hdf5,538,vishuman_abdwall_set_13,False,False,True,True,False,False,True,True,False,True,False,True,False
fullwave_abdominal_wall_20240728_501_1000,fullwave_abdominal_wall_20240728_501_1000_539_reg.hdf5,539,vishuman_abdwall_set_13,False,False,True,True,False,False,True,True,False,True,False,True,False
fullwave_abdominal_wall_20240728_501_1000,fullwave_abdominal_wall_20240728_501_1000_540_reg.hdf5,540,vishuman_abdominal_cropped,False,True,False,True,False,True,False,True,False,True,False,True,False
fullwave_abdominal_wall_20240728_501_1000,fullwave_abdominal_wall_20240728_501_1000_541_reg.hdf5,541,vishuman_abdwall_set_12,False,False,True,True,False,False,True,False,False,True,False,True,False
fullwave_abdominal_wall_20240728_501_1000,fullwave_abdominal_wall_20240728_501_1000_542_reg.hdf5,542,vishuman_abdwall_cropped_6left153s,False,True,False,False,True,True,False,True,False,False,True,False,True
fullwave_abdominal_wall_20240728_501_1000,fullwave_abdominal_wall_20240728_501_1000_543_reg.hdf5,543,vishuman_abdwall_cropped_7left153s,False,True,False,False,True,True,False,True,False,False,True,False,True
fullwave_abdominal_wall_20240728_501_1000,fullwave_abdominal_wall_20240728_501_1000_544_reg.hdf5,544,vishuman_abdwall_set_05,False,True,False,False,True,True,False,True,False,False,True,False,False
fullwave_abdominal_wall_20240728_501_1000,fullwave_abdominal_wall_20240728_501_1000_545_reg.hdf5,545,vishuman_abdwall_cropped_7-153s,False,False,True,True,False,False,True,False,True,True,False,True,False
fullwave_abdominal_wall_20240728_501_1000,fullwave_abdominal_wall_20240728_501_1000_546_reg.hdf5,546,vishuman_abdwall_set_13,False,False,True,True,False,False,True,True,False,True,False,True,False
fullwave_abdominal_wall_20240728_501_1000,fullwave_abdominal_wall_20240728_501_1000_547_reg.hdf5,547,vishuman_abdwall_153_h,False,False,True,True,False,False,True,False,True,True,False,True,False
fullwave_abdominal_wall_20240728_501_1000,fullwave_abdominal_wall_20240728_501_1000_548_reg.hdf5,548,vishuman_abdwall_153_h,False,False,True,True,False,False,True,False,True,True,False,True,False
fullwave_abdominal_wall_20240728_501_1000,fullwave_abdominal_wall_20240728_501_1000_549_reg.hdf5,549,vishuman_abdwall_set_05,False,True,False,False,True,True,False,True,False,False,True,False,False
fullwave_abdominal_wall_20240728_501_1000,fullwave_abdominal_wall_20240728_501_1000_550_reg.hdf5,550,vishuman_abdwall_cropped_7left153s,False,True,False,False,True,True,False,True,False,False,True,False,True
fullwave_abdominal_wall_20240728_501_1000,fullwave_abdominal_wall_20240728_501_1000_551_reg.hdf5,551,vishuman_abdwall_set_13,False,False,True,True,False,False,True,True,False,True,False,True,False
fullwave_abdominal_wall_20240728_501_1000,fullwave_abdominal_wall_20240728_501_1000_552_reg.hdf5,552,vishuman_abdwall_cropped_7-153s,False,False,True,True,False,False,True,False,True,True,False,True,False
fullwave_abdominal_wall_20240728_501_1000,fullwave_abdominal_wall_20240728_501_1000_553_reg.hdf5,553,vishuman_abdwall_set_10,False,False,True,True,False,True,False,False,True,True,False,True,False
fullwave_abdominal_wall_20240728_501_1000,fullwave_abdominal_wall_20240728_501_1000_554_reg.hdf5,554,vishuman_abdwall_set_07,False,True,False,False,True,True,False,True,False,True,False,False,True
fullwave_abdominal_wall_20240728_501_1000,fullwave_abdominal_wall_20240728_501_1000_555_reg.hdf5,555,vishuman_abdwall_153_h,False,False,True,True,False,False,True,False,True,True,False,True,False
fullwave_abdominal_wall_20240728_501_1000,fullwave_abdominal_wall_20240728_501_1000_556_reg.hdf5,556,vishuman_abdwall_set_04,False,True,False,False,True,True,False,True,False,False,True,True,False
fullwave_abdominal_wall_20240728_501_1000,fullwave_abdominal_wall_20240728_501_1000_557_reg.hdf5,557,vishuman_abdwall_set_13,False,False,True,True,False,False,True,True,False,True,False,True,False
fullwave_abdominal_wall_20240728_501_1000,fullwave_abdominal_wall_20240728_501_1000_558_reg.hdf5,558,vishuman_abdwall_153_h,False,False,True,True,False,False,True,False,True,True,False,True,False
fullwave_abdominal_wall_20240728_501_1000,fullwave_abdominal_wall_20240728_501_1000_559_reg.hdf5,559,vishuman_abdwall_set_12,False,False,True,True,False,False,True,False,False,True,False,True,False
fullwave_abdominal_wall_20240728_501_1000,fullwave_abdominal_wall_20240728_501_1000_560_reg.hdf5,560,vishuman_abdwall_set_05,False,True,False,False,True,True,False,True,False,False,True,False,False
fullwave_abdominal_wall_20240728_501_1000,fullwave_abdominal_wall_20240728_501_1000_561_reg.hdf5,561,vishuman_abdwall_cropped_7-153s,False,False,True,True,False,False,True,False,True,True,False,True,False
fullwave_abdominal_wall_20240728_501_1000,fullwave_abdominal_wall_20240728_501_1000_562_reg.hdf5,562,vishuman_abdwall_153_h,False,False,True,True,False,False,True,False,True,True,False,True,False
fullwave_abdominal_wall_20240728_501_1000,fullwave_abdominal_wall_20240728_501_1000_563_reg.hdf5,563,vishuman_abdwall_cropped_5left153s,False,True,False,False,True,True,False,True,False,True,False,True,False
fullwave_abdominal_wall_20240728_501_1000,fullwave_abdominal_wall_20240728_501_1000_564_reg.hdf5,564,vishuman_abdwall_set_11,False,False,True,True,False,False,False,False,True,True,False,True,False
fullwave_abdominal_wall_20240728_501_1000,fullwave_abdominal_wall_20240728_501_1000_565_reg.hdf5,565,vishuman_abdwall_set_10,False,False,True,True,False,True,False,False,True,True,False,True,False
fullwave_abdominal_wall_20240728_501_1000,fullwave_abdominal_wall_20240728_501_1000_566_reg.hdf5,566,vishuman_abdwall_set_10,False,False,True,True,False,True,False,False,True,True,False,True,False
fullwave_abdominal_wall_20240728_501_1000,fullwave_abdominal_wall_20240728_501_1000_567_reg.hdf5,567,vishuman_abdwall_set_04,False,True,False,False,True,True,False,True,False,False,True,True,False
fullwave_abdominal_wall_20240728_501_1000,fullwave_abdominal_wall_20240728_501_1000_568_reg.hdf5,568,vishuman_abdwall_set_11,False,False,True,True,False,False,False,False,True,True,False,True,False
fullwave_abdominal_wall_20240728_501_1000,fullwave_abdominal_wall_20240728_501_1000_569_reg.hdf5,569,vishuman_abdwall_set_07,False,True,False,False,True,True,False,True,False,True,False,False,True
fullwave_abdominal_wall_20240728_501_1000,fullwave_abdominal_wall_20240728_501_1000_570_reg.hdf5,570,vishuman_abdwall_set_04,False,True,False,False,True,True,False,True,False,False,True,True,False
fullwave_abdominal_wall_20240728_501_1000,fullwave_abdominal_wall_20240728_501_1000_571_reg.hdf5,571,vishuman_abdwall_set_05,False,True,False,False,True,True,False,True,False,False,True,False,False
fullwave_abdominal_wall_20240728_501_1000,fullwave_abdominal_wall_20240728_501_1000_573_reg.hdf5,573,vishuman_abdwall_set_04,False,True,False,False,True,True,False,True,False,False,True,True,False
fullwave_abdominal_wall_20240728_501_1000,fullwave_abdominal_wall_20240728_501_1000_574_reg.hdf5,574,vishuman_abdwall_set_13,False,False,True,True,False,False,True,True,False,True,False,True,False
fullwave_abdominal_wall_20240728_501_1000,fullwave_abdominal_wall_20240728_501_1000_575_reg.hdf5,575,vishuman_abdwall_cropped_5left153s,False,True,False,False,True,True,False,True,False,True,False,True,False
fullwave_abdominal_wall_20240728_501_1000,fullwave_abdominal_wall_20240728_501_1000_576_reg.hdf5,576,vishuman_abdwall_set_04,False,True,False,False,True,True,False,True,False,False,True,True,False
fullwave_abdominal_wall_20240728_501_1000,fullwave_abdominal_wall_20240728_501_1000_577_reg.hdf5,577,vishuman_abdwall_set_04,False,True,False,False,True,True,False,True,False,False,True,True,False
fullwave_abdominal_wall_20240728_501_1000,fullwave_abdominal_wall_20240728_501_1000_578_reg.hdf5,578,vishuman_abdwall_153_h,False,False,True,True,False,False,True,False,True,True,False,True,False
fullwave_abdominal_wall_20240728_501_1000,fullwave_abdominal_wall_20240728_501_1000_579_reg.hdf5,579,vishuman_abdwall_set_07,False,True,False,False,True,True,False,True,False,True,False,False,True
fullwave_abdominal_wall_20240728_501_1000,fullwave_abdominal_wall_20240728_501_1000_580_reg.hdf5,580,vishuman_abdwall_set_13,False,False,True,True,False,False,True,True,False,True,False,True,False
fullwave_abdominal_wall_20240728_501_1000,fullwave_abdominal_wall_20240728_501_1000_582_reg.hdf5,582,vishuman_abdwall_cropped_7left153s,False,True,False,False,True,True,False,True,False,False,True,False,True
fullwave_abdominal_wall_20240728_501_1000,fullwave_abdominal_wall_20240728_501_1000_583_reg.hdf5,583,vishuman_abdwall_set_12,False,False,True,True,False,False,True,False,False,True,False,True,False
fullwave_abdominal_wall_20240728_501_1000,fullwave_abdominal_wall_20240728_501_1000_584_reg.hdf5,584,vishuman_abdwall_cropped_5left153s,False,True,False,False,True,True,False,True,False,True,False,True,False
fullwave_abdominal_wall_20240728_501_1000,fullwave_abdominal_wall_20240728_501_1000_585_reg.hdf5,585,vishuman_abdwall_set_06,False,True,False,False,True,True,False,True,False,False,False,False,True
fullwave_abdominal_wall_20240728_501_1000,fullwave_abdominal_wall_20240728_501_1000_586_reg.hdf5,586,vishuman_abdwall_set_05,False,True,False,False,True,True,False,True,False,False,True,False,False
fullwave_abdominal_wall_20240728_501_1000,fullwave_abdominal_wall_20240728_501_1000_587_reg.hdf5,587,vishuman_abdwall_set_07,False,True,False,False,True,True,False,True,False,True,False,False,True
fullwave_abdominal_wall_20240728_501_1000,fullwave_abdominal_wall_20240728_501_1000_588_reg.hdf5,588,vishuman_abdwall_set_05,False,True,False,False,True,True,False,True,False,False,True,False,False
fullwave_abdominal_wall_20240728_501_1000,fullwave_abdominal_wall_20240728_501_1000_589_reg.hdf5,589,vishuman_abdwall_cropped_5left153s,False,True,False,False,True,True,False,True,False,True,False,True,False
fullwave_abdominal_wall_20240728_501_1000,fullwave_abdominal_wall_20240728_501_1000_590_reg.hdf5,590,vishuman_abdwall_set_11,False,False,True,True,False,False,False,False,True,True,False,True,False
fullwave_abdominal_wall_20240728_501_1000,fullwave_abdominal_wall_20240728_501_1000_591_reg.hdf5,591,vishuman_abdwall_set_06,False,True,False,False,True,True,False,True,False,False,False,False,True
fullwave_abdominal_wall_20240728_501_1000,fullwave_abdominal_wall_20240728_501_1000_592_reg.hdf5,592,vishuman_abdwall_set_06,False,True,False,False,True,True,False,True,False,False,False,False,True
fullwave_abdominal_wall_20240728_501_1000,fullwave_abdominal_wall_20240728_501_1000_593_reg.hdf5,593,vishuman_abdwall_153_h,False,False,True,True,False,False,True,False,True,True,False,True,False
fullwave_abdominal_wall_20240728_501_1000,fullwave_abdominal_wall_20240728_501_1000_594_reg.hdf5,594,vishuman_abdwall_set_07,False,True,False,False,True,True,False,True,False,True,False,False,True
fullwave_abdominal_wall_20240728_501_1000,fullwave_abdominal_wall_20240728_501_1000_595_reg.hdf5,595,vishuman_abdominal_cropped,False,True,False,True,False,True,False,True,False,True,False,True,False
fullwave_abdominal_wall_20240728_501_1000,fullwave_abdominal_wall_20240728_501_1000_596_reg.hdf5,596,vishuman_abdwall_cropped_6left153s,False,True,False,False,True,True,False,True,False,False,True,False,True
fullwave_abdominal_wall_20240728_501_1000,fullwave_abdominal_wall_20240728_501_1000_597_reg.hdf5,597,vishuman_abdwall_set_11,False,False,True,True,False,False,False,False,True,True,False,True,False
fullwave_abdominal_wall_20240728_501_1000,fullwave_abdominal_wall_20240728_501_1000_598_reg.hdf5,598,vishuman_abdwall_cropped_7-153s,False,False,True,True,False,False,True,False,True,True,False,True,False
fullwave_abdominal_wall_20240728_501_1000,fullwave_abdominal_wall_20240728_501_1000_599_reg.hdf5,599,vishuman_abdwall_set_10,False,False,True,True,False,True,False,False,True,True,False,True,False
fullwave_abdominal_wall_20240728_501_1000,fullwave_abdominal_wall_20240728_501_1000_600_reg.hdf5,600,vishuman_abdwall_set_07,False,True,False,False,True,True,False,True,False,True,False,False,True
fullwave_abdominal_wall_20240728_501_1000,fullwave_abdominal_wall_20240728_501_1000_601_reg.hdf5,601,vishuman_abdwall_set_12,False,False,True,True,False,False,True,False,False,True,False,True,False
fullwave_abdominal_wall_20240728_501_1000,fullwave_abdominal_wall_20240728_501_1000_602_reg.hdf5,602,vishuman_abdominal_cropped,False,True,False,True,False,True,False,True,False,True,False,True,False
fullwave_abdominal_wall_20240728_501_1000,fullwave_abdominal_wall_20240728_501_1000_603_reg.hdf5,603,vishuman_abdwall_set_07,False,True,False,False,True,True,False,True,False,True,False,False,True
fullwave_abdominal_wall_20240728_501_1000,fullwave_abdominal_wall_20240728_501_1000_604_reg.hdf5,604,vishuman_abdwall_cropped_7left153s,False,True,False,False,True,True,False,True,False,False,True,False,True
fullwave_abdominal_wall_20240728_501_1000,fullwave_abdominal_wall_20240728_501_1000_605_reg.hdf5,605,vishuman_abdwall_set_06,False,True,False,False,True,True,False,True,False,False,False,False,True
fullwave_abdominal_wall_20240728_501_1000,fullwave_abdominal_wall_20240728_501_1000_606_reg.hdf5,606,vishuman_abdwall_cropped_5left153s,False,True,False,False,True,True,False,True,False,True,False,True,False
fullwave_abdominal_wall_20240728_501_1000,fullwave_abdominal_wall_20240728_501_1000_607_reg.hdf5,607,vishuman_abdwall_set_10,False,False,True,True,False,True,False,False,True,True,False,True,False
fullwave_abdominal_wall_20240728_501_1000,fullwave_abdominal_wall_20240728_501_1000_608_reg.hdf5,608,vishuman_abdwall_set_13,False,False,True,True,False,False,True,True,False,True,False,True,False
fullwave_abdominal_wall_20240728_501_1000,fullwave_abdominal_wall_20240728_501_1000_609_reg.hdf5,609,vishuman_abdwall_set_04,False,True,False,False,True,True,False,True,False,False,True,True,False
fullwave_abdominal_wall_20240728_501_1000,fullwave_abdominal_wall_20240728_501_1000_610_reg.hdf5,610,vishuman_abdwall_cropped_7left153s,False,True,False,False,True,True,False,True,False,False,True,False,True
fullwave_abdominal_wall_20240728_501_1000,fullwave_abdominal_wall_20240728_501_1000_611_reg.hdf5,611,vishuman_abdwall_153_h,False,False,True,True,False,False,True,False,True,True,False,True,False
fullwave_abdominal_wall_20240728_501_1000,fullwave_abdominal_wall_20240728_501_1000_612_reg.hdf5,612,vishuman_abdwall_set_07,False,True,False,False,True,True,False,True,False,True,False,False,True
fullwave_abdominal_wall_20240728_501_1000,fullwave_abdominal_wall_20240728_501_1000_613_reg.hdf5,613,vishuman_abdwall_set_05,False,True,False,False,True,True,False,True,False,False,True,False,False
fullwave_abdominal_wall_20240728_501_1000,fullwave_abdominal_wall_20240728_501_1000_614_reg.hdf5,614,vishuman_abdwall_153_h,False,False,True,True,False,False,True,False,True,True,False,True,False
fullwave_abdominal_wall_20240728_501_1000,fullwave_abdominal_wall_20240728_501_1000_615_reg.hdf5,615,vishuman_abdwall_153_h,False,False,True,True,False,False,True,False,True,True,False,True,False
fullwave_abdominal_wall_20240728_501_1000,fullwave_abdominal_wall_20240728_501_1000_616_reg.hdf5,616,vishuman_abdwall_cropped_7left153s,False,True,False,False,True,True,False,True,False,False,True,False,True
fullwave_abdominal_wall_20240728_501_1000,fullwave_abdominal_wall_20240728_501_1000_617_reg.hdf5,617,vishuman_abdwall_set_12,False,False,True,True,False,False,True,False,False,True,False,True,False
fullwave_abdominal_wall_20240728_501_1000,fullwave_abdominal_wall_20240728_501_1000_618_reg.hdf5,618,vishuman_abdwall_set_07,False,True,False,False,True,True,False,True,False,True,False,False,True
fullwave_abdominal_wall_20240728_501_1000,fullwave_abdominal_wall_20240728_501_1000_619_reg.hdf5,619,vishuman_abdwall_set_12,False,False,True,True,False,False,True,False,False,True,False,True,False
fullwave_abdominal_wall_20240728_501_1000,fullwave_abdominal_wall_20240728_501_1000_620_reg.hdf5,620,vishuman_abdwall_cropped_7-153s,False,False,True,True,False,False,True,False,True,True,False,True,False
fullwave_abdominal_wall_20240728_501_1000,fullwave_abdominal_wall_20240728_501_1000_621_reg.hdf5,621,vishuman_abdwall_set_06,False,True,False,False,True,True,False,True,False,False,False,False,True
fullwave_abdominal_wall_20240728_501_1000,fullwave_abdominal_wall_20240728_501_1000_623_reg.hdf5,623,vishuman_abdwall_set_07,False,True,False,False,True,True,False,True,False,True,False,False,True
fullwave_abdominal_wall_20240728_501_1000,fullwave_abdominal_wall_20240728_501_1000_624_reg.hdf5,624,vishuman_abdwall_153_h,False,False,True,True,False,False,True,False,True,True,False,True,False
fullwave_abdominal_wall_20240728_501_1000,fullwave_abdominal_wall_20240728_501_1000_625_reg.hdf5,625,vishuman_abdwall_set_13,False,False,True,True,False,False,True,True,False,True,False,True,False
fullwave_abdominal_wall_20240728_501_1000,fullwave_abdominal_wall_20240728_501_1000_626_reg.hdf5,626,vishuman_abdwall_set_10,False,False,True,True,False,True,False,False,True,True,False,True,False
fullwave_abdominal_wall_20240728_501_1000,fullwave_abdominal_wall_20240728_501_1000_627_reg.hdf5,627,vishuman_abdwall_cropped_6left153s,False,True,False,False,True,True,False,True,False,False,True,False,True
fullwave_abdominal_wall_20240728_501_1000,fullwave_abdominal_wall_20240728_501_1000_628_reg.hdf5,628,vishuman_abdwall_set_07,False,True,False,False,True,True,False,True,False,True,False,False,True
fullwave_abdominal_wall_20240728_501_1000,fullwave_abdominal_wall_20240728_501_1000_629_reg.hdf5,629,vishuman_abdwall_set_04,False,True,False,False,True,True,False,True,False,False,True,True,False
fullwave_abdominal_wall_20240728_501_1000,fullwave_abdominal_wall_20240728_501_1000_630_reg.hdf5,630,vishuman_abdwall_cropped_6left153s,False,True,False,False,True,True,False,True,False,False,True,False,True
fullwave_abdominal_wall_20240728_501_1000,fullwave_abdominal_wall_20240728_501_1000_631_reg.hdf5,631,vishuman_abdwall_set_07,False,True,False,False,True,True,False,True,False,True,False,False,True
fullwave_abdominal_wall_20240728_501_1000,fullwave_abdominal_wall_20240728_501_1000_633_reg.hdf5,633,vishuman_abdwall_set_12,False,False,True,True,False,False,True,False,False,True,False,True,False
fullwave_abdominal_wall_20240728_501_1000,fullwave_abdominal_wall_20240728_501_1000_634_reg.hdf5,634,vishuman_abdwall_153_h,False,False,True,True,False,False,True,False,True,True,False,True,False
fullwave_abdominal_wall_20240728_501_1000,fullwave_abdominal_wall_20240728_501_1000_635_reg.hdf5,635,vishuman_abdwall_set_04,False,True,False,False,True,True,False,True,False,False,True,True,False
fullwave_abdominal_wall_20240728_501_1000,fullwave_abdominal_wall_20240728_501_1000_636_reg.hdf5,636,vishuman_abdwall_set_04,False,True,False,False,True,True,False,True,False,False,True,True,False
fullwave_abdominal_wall_20240728_501_1000,fullwave_abdominal_wall_20240728_501_1000_637_reg.hdf5,637,vishuman_abdwall_set_07,False,True,False,False,True,True,False,True,False,True,False,False,True
fullwave_abdominal_wall_20240728_501_1000,fullwave_abdominal_wall_20240728_501_1000_638_reg.hdf5,638,vishuman_abdwall_set_13,False,False,True,True,False,False,True,True,False,True,False,True,False
fullwave_abdominal_wall_20240728_501_1000,fullwave_abdominal_wall_20240728_501_1000_639_reg.hdf5,639,vishuman_abdwall_cropped_7left153s,False,True,False,False,True,True,False,True,False,False,True,False,True
fullwave_abdominal_wall_20240728_501_1000,fullwave_abdominal_wall_20240728_501_1000_640_reg.hdf5,640,vishuman_abdwall_cropped_7-153s,False,False,True,True,False,False,True,False,True,True,False,True,False
fullwave_abdominal_wall_20240728_501_1000,fullwave_abdominal_wall_20240728_501_1000_644_reg.hdf5,644,vishuman_abdwall_153_h,False,False,True,True,False,False,True,False,True,True,False,True,False
fullwave_abdominal_wall_20240728_501_1000,fullwave_abdominal_wall_20240728_501_1000_645_reg.hdf5,645,vishuman_abdwall_set_05,False,True,False,False,True,True,False,True,False,False,True,False,False
fullwave_abdominal_wall_20240728_501_1000,fullwave_abdominal_wall_20240728_501_1000_646_reg.hdf5,646,vishuman_abdwall_set_13,False,False,True,True,False,False,True,True,False,True,False,True,False
fullwave_abdominal_wall_20240728_501_1000,fullwave_abdominal_wall_20240728_501_1000_649_reg.hdf5,649,vishuman_abdwall_cropped_7left153s,False,True,False,False,True,True,False,True,False,False,True,False,True
fullwave_abdominal_wall_20240728_501_1000,fullwave_abdominal_wall_20240728_501_1000_650_reg.hdf5,650,vishuman_abdwall_set_04,False,True,False,False,True,True,False,True,False,False,True,True,False
fullwave_abdominal_wall_20240728_501_1000,fullwave_abdominal_wall_20240728_501_1000_651_reg.hdf5,651,vishuman_abdwall_cropped_6left153s,False,True,False,False,True,True,False,True,False,False,True,False,True
fullwave_abdominal_wall_20240728_501_1000,fullwave_abdominal_wall_20240728_501_1000_652_reg.hdf5,652,vishuman_abdwall_cropped_7-153s,False,False,True,True,False,False,True,False,True,True,False,True,False
fullwave_abdominal_wall_20240728_501_1000,fullwave_abdominal_wall_20240728_501_1000_655_reg.hdf5,655,vishuman_abdominal_cropped,False,True,False,True,False,True,False,True,False,True,False,True,False
fullwave_abdominal_wall_20240728_501_1000,fullwave_abdominal_wall_20240728_501_1000_656_reg.hdf5,656,vishuman_abdwall_cropped_6left153s,False,True,False,False,True,True,False,True,False,False,True,False,True
fullwave_abdominal_wall_20240728_501_1000,fullwave_abdominal_wall_20240728_501_1000_658_reg.hdf5,658,vishuman_abdwall_set_13,False,False,True,True,False,False,True,True,False,True,False,True,False
fullwave_abdominal_wall_20240728_501_1000,fullwave_abdominal_wall_20240728_501_1000_659_reg.hdf5,659,vishuman_abdominal_cropped,False,True,False,True,False,True,False,True,False,True,False,True,False
fullwave_abdominal_wall_20240728_501_1000,fullwave_abdominal_wall_20240728_501_1000_660_reg.hdf5,660,vishuman_abdwall_set_04,False,True,False,False,True,True,False,True,False,False,True,True,False
fullwave_abdominal_wall_20240728_501_1000,fullwave_abdominal_wall_20240728_501_1000_661_reg.hdf5,661,vishuman_abdwall_cropped_7-153s,False,False,True,True,False,False,True,False,True,True,False,True,False
fullwave_abdominal_wall_20240728_501_1000,fullwave_abdominal_wall_20240728_501_1000_662_reg.hdf5,662,vishuman_abdwall_cropped_7left153s,False,True,False,False,True,True,False,True,False,False,True,False,True
fullwave_abdominal_wall_20240728_501_1000,fullwave_abdominal_wall_20240728_501_1000_664_reg.hdf5,664,vishuman_abdwall_set_05,False,True,False,False,True,True,False,True,False,False,True,False,False
fullwave_abdominal_wall_20240728_501_1000,fullwave_abdominal_wall_20240728_501_1000_665_reg.hdf5,665,vishuman_abdwall_153_h,False,False,True,True,False,False,True,False,True,True,False,True,False
fullwave_abdominal_wall_20240728_501_1000,fullwave_abdominal_wall_20240728_501_1000_667_reg.hdf5,667,vishuman_abdwall_cropped_7left153s,False,True,False,False,True,True,False,True,False,False,True,False,True
fullwave_abdominal_wall_20240728_501_1000,fullwave_abdominal_wall_20240728_501_1000_668_reg.hdf5,668,vishuman_abdwall_153_h,False,False,True,True,False,False,True,False,True,True,False,True,False
fullwave_abdominal_wall_20240728_501_1000,fullwave_abdominal_wall_20240728_501_1000_669_reg.hdf5,669,vishuman_abdwall_set_07,False,True,False,False,True,True,False,True,False,True,False,False,True
fullwave_abdominal_wall_20240728_501_1000,fullwave_abdominal_wall_20240728_501_1000_670_reg.hdf5,670,vishuman_abdwall_cropped_5left153s,False,True,False,False,True,True,False,True,False,True,False,True,False
fullwave_abdominal_wall_20240728_501_1000,fullwave_abdominal_wall_20240728_501_1000_671_reg.hdf5,671,vishuman_abdwall_set_10,False,False,True,True,False,True,False,False,True,True,False,True,False
fullwave_abdominal_wall_20240728_501_1000,fullwave_abdominal_wall_20240728_501_1000_672_reg.hdf5,672,vishuman_abdwall_cropped_6left153s,False,True,False,False,True,True,False,True,False,False,True,False,True
fullwave_abdominal_wall_20240728_501_1000,fullwave_abdominal_wall_20240728_501_1000_673_reg.hdf5,673,vishuman_abdwall_set_06,False,True,False,False,True,True,False,True,False,False,False,False,True
fullwave_abdominal_wall_20240728_501_1000,fullwave_abdominal_wall_20240728_501_1000_675_reg.hdf5,675,vishuman_abdwall_cropped_6left153s,False,True,False,False,True,True,False,True,False,False,True,False,True
fullwave_abdominal_wall_20240728_501_1000,fullwave_abdominal_wall_20240728_501_1000_676_reg.hdf5,676,vishuman_abdwall_set_07,False,True,False,False,True,True,False,True,False,True,False,False,True
fullwave_abdominal_wall_20240728_501_1000,fullwave_abdominal_wall_20240728_501_1000_677_reg.hdf5,677,vishuman_abdwall_set_12,False,False,True,True,False,False,True,False,False,True,False,True,False
fullwave_abdominal_wall_20240728_501_1000,fullwave_abdominal_wall_20240728_501_1000_678_reg.hdf5,678,vishuman_abdwall_cropped_5left153s,False,True,False,False,True,True,False,True,False,True,False,True,False
fullwave_abdominal_wall_20240728_501_1000,fullwave_abdominal_wall_20240728_501_1000_679_reg.hdf5,679,vishuman_abdwall_set_05,False,True,False,False,True,True,False,True,False,False,True,False,False
fullwave_abdominal_wall_20240728_501_1000,fullwave_abdominal_wall_20240728_501_1000_680_reg.hdf5,680,vishuman_abdwall_cropped_5left153s,False,True,False,False,True,True,False,True,False,True,False,True,False
fullwave_abdominal_wall_20240728_501_1000,fullwave_abdominal_wall_20240728_501_1000_681_reg.hdf5,681,vishuman_abdwall_cropped_5left153s,False,True,False,False,True,True,False,True,False,True,False,True,False
fullwave_abdominal_wall_20240728_501_1000,fullwave_abdominal_wall_20240728_501_1000_682_reg.hdf5,682,vishuman_abdwall_set_04,False,True,False,False,True,True,False,True,False,False,True,True,False
fullwave_abdominal_wall_20240728_501_1000,fullwave_abdominal_wall_20240728_501_1000_683_reg.hdf5,683,vishuman_abdwall_cropped_7left153s,False,True,False,False,True,True,False,True,False,False,True,False,True
fullwave_abdominal_wall_20240728_501_1000,fullwave_abdominal_wall_20240728_501_1000_684_reg.hdf5,684,vishuman_abdwall_cropped_7-153s,False,False,True,True,False,False,True,False,True,True,False,True,False
fullwave_abdominal_wall_20240728_501_1000,fullwave_abdominal_wall_20240728_501_1000_685_reg.hdf5,685,vishuman_abdwall_cropped_6left153s,False,True,False,False,True,True,False,True,False,False,True,False,True
fullwave_abdominal_wall_20240728_501_1000,fullwave_abdominal_wall_20240728_501_1000_686_reg.hdf5,686,vishuman_abdwall_cropped_5left153s,False,True,False,False,True,True,False,True,False,True,False,True,False
fullwave_abdominal_wall_20240728_501_1000,fullwave_abdominal_wall_20240728_501_1000_687_reg.hdf5,687,vishuman_abdwall_cropped_5left153s,False,True,False,False,True,True,False,True,False,True,False,True,False
fullwave_abdominal_wall_20240728_501_1000,fullwave_abdominal_wall_20240728_501_1000_689_reg.hdf5,689,vishuman_abdwall_set_05,False,True,False,False,True,True,False,True,False,False,True,False,False
fullwave_abdominal_wall_20240728_501_1000,fullwave_abdominal_wall_20240728_501_1000_690_reg.hdf5,690,vishuman_abdwall_set_13,False,False,True,True,False,False,True,True,False,True,False,True,False
fullwave_abdominal_wall_20240728_501_1000,fullwave_abdominal_wall_20240728_501_1000_691_reg.hdf5,691,vishuman_abdwall_cropped_5left153s,False,True,False,False,True,True,False,True,False,True,False,True,False
fullwave_abdominal_wall_20240728_501_1000,fullwave_abdominal_wall_20240728_501_1000_692_reg.hdf5,692,vishuman_abdwall_set_10,False,False,True,True,False,True,False,False,True,True,False,True,False
fullwave_abdominal_wall_20240728_501_1000,fullwave_abdominal_wall_20240728_501_1000_693_reg.hdf5,693,vishuman_abdwall_cropped_7-153s,False,False,True,True,False,False,True,False,True,True,False,True,False
fullwave_abdominal_wall_20240728_501_1000,fullwave_abdominal_wall_20240728_501_1000_694_reg.hdf5,694,vishuman_abdwall_set_10,False,False,True,True,False,True,False,False,True,True,False,True,False
fullwave_abdominal_wall_20240728_501_1000,fullwave_abdominal_wall_20240728_501_1000_696_reg.hdf5,696,vishuman_abdwall_cropped_6left153s,False,True,False,False,True,True,False,True,False,False,True,False,True
fullwave_abdominal_wall_20240728_501_1000,fullwave_abdominal_wall_20240728_501_1000_697_reg.hdf5,697,vishuman_abdwall_set_13,False,False,True,True,False,False,True,True,False,True,False,True,False
fullwave_abdominal_wall_20240728_501_1000,fullwave_abdominal_wall_20240728_501_1000_698_reg.hdf5,698,vishuman_abdwall_cropped_5left153s,False,True,False,False,True,True,False,True,False,True,False,True,False
fullwave_abdominal_wall_20240728_501_1000,fullwave_abdominal_wall_20240728_501_1000_699_reg.hdf5,699,vishuman_abdwall_cropped_7-153s,False,False,True,True,False,False,True,False,True,True,False,True,False
fullwave_abdominal_wall_20240728_501_1000,fullwave_abdominal_wall_20240728_501_1000_700_reg.hdf5,700,vishuman_abdwall_set_10,False,False,True,True,False,True,False,False,True,True,False,True,False
fullwave_abdominal_wall_20240728_501_1000,fullwave_abdominal_wall_20240728_501_1000_701_reg.hdf5,701,vishuman_abdwall_cropped_7left153s,False,True,False,False,True,True,False,True,False,False,True,False,True
fullwave_abdominal_wall_20240728_501_1000,fullwave_abdominal_wall_20240728_501_1000_702_reg.hdf5,702,vishuman_abdwall_cropped_6left153s,False,True,False,False,True,True,False,True,False,False,True,False,True
fullwave_abdominal_wall_20240728_501_1000,fullwave_abdominal_wall_20240728_501_1000_703_reg.hdf5,703,vishuman_abdwall_set_05,False,True,False,False,True,True,False,True,False,False,True,False,False
fullwave_abdominal_wall_20240728_501_1000,fullwave_abdominal_wall_20240728_501_1000_704_reg.hdf5,704,vishuman_abdwall_153_h,False,False,True,True,False,False,True,False,True,True,False,True,False
fullwave_abdominal_wall_20240728_501_1000,fullwave_abdominal_wall_20240728_501_1000_705_reg.hdf5,705,vishuman_abdwall_set_13,False,False,True,True,False,False,True,True,False,True,False,True,False
fullwave_abdominal_wall_20240728_501_1000,fullwave_abdominal_wall_20240728_501_1000_706_reg.hdf5,706,vishuman_abdwall_set_05,False,True,False,False,True,True,False,True,False,False,True,False,False
fullwave_abdominal_wall_20240728_501_1000,fullwave_abdominal_wall_20240728_501_1000_707_reg.hdf5,707,vishuman_abdwall_set_13,False,False,True,True,False,False,True,True,False,True,False,True,False
fullwave_abdominal_wall_20240728_501_1000,fullwave_abdominal_wall_20240728_501_1000_708_reg.hdf5,708,vishuman_abdwall_set_11,False,False,True,True,False,False,False,False,True,True,False,True,False
fullwave_abdominal_wall_20240728_501_1000,fullwave_abdominal_wall_20240728_501_1000_709_reg.hdf5,709,vishuman_abdwall_set_05,False,True,False,False,True,True,False,True,False,False,True,False,False
fullwave_abdominal_wall_20240728_501_1000,fullwave_abdominal_wall_20240728_501_1000_710_reg.hdf5,710,vishuman_abdwall_cropped_6left153s,False,True,False,False,True,True,False,True,False,False,True,False,True
fullwave_abdominal_wall_20240728_501_1000,fullwave_abdominal_wall_20240728_501_1000_711_reg.hdf5,711,vishuman_abdwall_set_06,False,True,False,False,True,True,False,True,False,False,False,False,True
fullwave_abdominal_wall_20240728_501_1000,fullwave_abdominal_wall_20240728_501_1000_712_reg.hdf5,712,vishuman_abdwall_cropped_6left153s,False,True,False,False,True,True,False,True,False,False,True,False,True
fullwave_abdominal_wall_20240728_501_1000,fullwave_abdominal_wall_20240728_501_1000_714_reg.hdf5,714,vishuman_abdwall_153_h,False,False,True,True,False,False,True,False,True,True,False,True,False
fullwave_abdominal_wall_20240728_501_1000,fullwave_abdominal_wall_20240728_501_1000_715_reg.hdf5,715,vishuman_abdwall_set_11,False,False,True,True,False,False,False,False,True,True,False,True,False
fullwave_abdominal_wall_20240728_501_1000,fullwave_abdominal_wall_20240728_501_1000_716_reg.hdf5,716,vishuman_abdwall_cropped_7-153s,False,False,True,True,False,False,True,False,True,True,False,True,False
fullwave_abdominal_wall_20240728_501_1000,fullwave_abdominal_wall_20240728_501_1000_717_reg.hdf5,717,vishuman_abdwall_set_13,False,False,True,True,False,False,True,True,False,True,False,True,False
fullwave_abdominal_wall_20240728_501_1000,fullwave_abdominal_wall_20240728_501_1000_718_reg.hdf5,718,vishuman_abdwall_set_06,False,True,False,False,True,True,False,True,False,False,False,False,True
fullwave_abdominal_wall_20240728_501_1000,fullwave_abdominal_wall_20240728_501_1000_719_reg.hdf5,719,vishuman_abdwall_set_06,False,True,False,False,True,True,False,True,False,False,False,False,True
fullwave_abdominal_wall_20240728_501_1000,fullwave_abdominal_wall_20240728_501_1000_720_reg.hdf5,720,vishuman_abdwall_153_h,False,False,True,True,False,False,True,False,True,True,False,True,False
fullwave_abdominal_wall_20240728_501_1000,fullwave_abdominal_wall_20240728_501_1000_721_reg.hdf5,721,vishuman_abdwall_cropped_7left153s,False,True,False,False,True,True,False,True,False,False,True,False,True
fullwave_abdominal_wall_20240728_501_1000,fullwave_abdominal_wall_20240728_501_1000_722_reg.hdf5,722,vishuman_abdominal_cropped,False,True,False,True,False,True,False,True,False,True,False,True,False
fullwave_abdominal_wall_20240728_501_1000,fullwave_abdominal_wall_20240728_501_1000_723_reg.hdf5,723,vishuman_abdwall_set_05,False,True,False,False,True,True,False,True,False,False,True,False,False
fullwave_abdominal_wall_20240728_501_1000,fullwave_abdominal_wall_20240728_501_1000_724_reg.hdf5,724,vishuman_abdwall_set_12,False,False,True,True,False,False,True,False,False,True,False,True,False
fullwave_abdominal_wall_20240728_501_1000,fullwave_abdominal_wall_20240728_501_1000_726_reg.hdf5,726,vishuman_abdwall_cropped_6left153s,False,True,False,False,True,True,False,True,False,False,True,False,True
fullwave_abdominal_wall_20240728_501_1000,fullwave_abdominal_wall_20240728_501_1000_727_reg.hdf5,727,vishuman_abdwall_set_06,False,True,False,False,True,True,False,True,False,False,False,False,True
fullwave_abdominal_wall_20240728_501_1000,fullwave_abdominal_wall_20240728_501_1000_728_reg.hdf5,728,vishuman_abdwall_cropped_5left153s,False,True,False,False,True,True,False,True,False,True,False,True,False
fullwave_abdominal_wall_20240728_501_1000,fullwave_abdominal_wall_20240728_501_1000_729_reg.hdf5,729,vishuman_abdwall_set_11,False,False,True,True,False,False,False,False,True,True,False,True,False
fullwave_abdominal_wall_20240728_501_1000,fullwave_abdominal_wall_20240728_501_1000_730_reg.hdf5,730,vishuman_abdwall_cropped_7-153s,False,False,True,True,False,False,True,False,True,True,False,True,False
fullwave_abdominal_wall_20240728_501_1000,fullwave_abdominal_wall_20240728_501_1000_731_reg.hdf5,731,vishuman_abdwall_cropped_5left153s,False,True,False,False,True,True,False,True,False,True,False,True,False
fullwave_abdominal_wall_20240728_501_1000,fullwave_abdominal_wall_20240728_501_1000_732_reg.hdf5,732,vishuman_abdwall_set_12,False,False,True,True,False,False,True,False,False,True,False,True,False
fullwave_abdominal_wall_20240728_501_1000,fullwave_abdominal_wall_20240728_501_1000_733_reg.hdf5,733,vishuman_abdwall_cropped_6left153s,False,True,False,False,True,True,False,True,False,False,True,False,True
fullwave_abdominal_wall_20240728_501_1000,fullwave_abdominal_wall_20240728_501_1000_734_reg.hdf5,734,vishuman_abdwall_cropped_6left153s,False,True,False,False,True,True,False,True,False,False,True,False,True
fullwave_abdominal_wall_20240728_501_1000,fullwave_abdominal_wall_20240728_501_1000_735_reg.hdf5,735,vishuman_abdwall_cropped_7-153s,False,False,True,True,False,False,True,False,True,True,False,True,False
fullwave_abdominal_wall_20240728_501_1000,fullwave_abdominal_wall_20240728_501_1000_736_reg.hdf5,736,vishuman_abdwall_cropped_6left153s,False,True,False,False,True,True,False,True,False,False,True,False,True
fullwave_abdominal_wall_20240728_501_1000,fullwave_abdominal_wall_20240728_501_1000_738_reg.hdf5,738,vishuman_abdominal_cropped,False,True,False,True,False,True,False,True,False,True,False,True,False
fullwave_abdominal_wall_20240728_501_1000,fullwave_abdominal_wall_20240728_501_1000_739_reg.hdf5,739,vishuman_abdwall_set_13,False,False,True,True,False,False,True,True,False,True,False,True,False
fullwave_abdominal_wall_20240728_501_1000,fullwave_abdominal_wall_20240728_501_1000_740_reg.hdf5,740,vishuman_abdwall_cropped_7left153s,False,True,False,False,True,True,False,True,False,False,True,False,True
fullwave_abdominal_wall_20240728_501_1000,fullwave_abdominal_wall_20240728_501_1000_741_reg.hdf5,741,vishuman_abdwall_set_07,False,True,False,False,True,True,False,True,False,True,False,False,True
fullwave_abdominal_wall_20240728_501_1000,fullwave_abdominal_wall_20240728_501_1000_742_reg.hdf5,742,vishuman_abdwall_set_07,False,True,False,False,True,True,False,True,False,True,False,False,True
fullwave_abdominal_wall_20240728_501_1000,fullwave_abdominal_wall_20240728_501_1000_744_reg.hdf5,744,vishuman_abdwall_cropped_6left153s,False,True,False,False,True,True,False,True,False,False,True,False,True
fullwave_abdominal_wall_20240728_501_1000,fullwave_abdominal_wall_20240728_501_1000_745_reg.hdf5,745,vishuman_abdominal_cropped,False,True,False,True,False,True,False,True,False,True,False,True,False
fullwave_abdominal_wall_20240728_501_1000,fullwave_abdominal_wall_20240728_501_1000_746_reg.hdf5,746,vishuman_abdwall_set_06,False,True,False,False,True,True,False,True,False,False,False,False,True
fullwave_abdominal_wall_20240728_501_1000,fullwave_abdominal_wall_20240728_501_1000_747_reg.hdf5,747,vishuman_abdwall_set_10,False,False,True,True,False,True,False,False,True,True,False,True,False
fullwave_abdominal_wall_20240728_501_1000,fullwave_abdominal_wall_20240728_501_1000_748_reg.hdf5,748,vishuman_abdwall_set_05,False,True,False,False,True,True,False,True,False,False,True,False,False
fullwave_abdominal_wall_20240728_501_1000,fullwave_abdominal_wall_20240728_501_1000_749_reg.hdf5,749,vishuman_abdwall_cropped_7left153s,False,True,False,False,True,True,False,True,False,False,True,False,True
fullwave_abdominal_wall_20240728_501_1000,fullwave_abdominal_wall_20240728_501_1000_750_reg.hdf5,750,vishuman_abdwall_cropped_6left153s,False,True,False,False,True,True,False,True,False,False,True,False,True
fullwave_abdominal_wall_20240728_501_1000,fullwave_abdominal_wall_20240728_501_1000_751_reg.hdf5,751,vishuman_abdwall_set_05,False,True,False,False,True,True,False,True,False,False,True,False,False
fullwave_abdominal_wall_20240728_501_1000,fullwave_abdominal_wall_20240728_501_1000_752_reg.hdf5,752,vishuman_abdwall_set_12,False,False,True,True,False,False,True,False,False,True,False,True,False
fullwave_abdominal_wall_20240728_501_1000,fullwave_abdominal_wall_20240728_501_1000_754_reg.hdf5,754,vishuman_abdominal_cropped,False,True,False,True,False,True,False,True,False,True,False,True,False
fullwave_abdominal_wall_20240728_501_1000,fullwave_abdominal_wall_20240728_501_1000_755_reg.hdf5,755,vishuman_abdwall_cropped_5left153s,False,True,False,False,True,True,False,True,False,True,False,True,False
fullwave_abdominal_wall_20240728_501_1000,fullwave_abdominal_wall_20240728_501_1000_756_reg.hdf5,756,vishuman_abdwall_cropped_6left153s,False,True,False,False,True,True,False,True,False,False,True,False,True
fullwave_abdominal_wall_20240728_501_1000,fullwave_abdominal_wall_20240728_501_1000_757_reg.hdf5,757,vishuman_abdwall_set_12,False,False,True,True,False,False,True,False,False,True,False,True,False
fullwave_abdominal_wall_20240728_501_1000,fullwave_abdominal_wall_20240728_501_1000_760_reg.hdf5,760,vishuman_abdwall_set_12,False,False,True,True,False,False,True,False,False,True,False,True,False
fullwave_abdominal_wall_20240728_501_1000,fullwave_abdominal_wall_20240728_501_1000_761_reg.hdf5,761,vishuman_abdwall_set_12,False,False,True,True,False,False,True,False,False,True,False,True,False
fullwave_abdominal_wall_20240728_501_1000,fullwave_abdominal_wall_20240728_501_1000_762_reg.hdf5,762,vishuman_abdominal_cropped,False,True,False,True,False,True,False,True,False,True,False,True,False
fullwave_abdominal_wall_20240728_501_1000,fullwave_abdominal_wall_20240728_501_1000_764_reg.hdf5,764,vishuman_abdwall_set_07,False,True,False,False,True,True,False,True,False,True,False,False,True
fullwave_abdominal_wall_20240728_501_1000,fullwave_abdominal_wall_20240728_501_1000_765_reg.hdf5,765,vishuman_abdwall_set_04,False,True,False,False,True,True,False,True,False,False,True,True,False
fullwave_abdominal_wall_20240728_501_1000,fullwave_abdominal_wall_20240728_501_1000_766_reg.hdf5,766,vishuman_abdwall_set_05,False,True,False,False,True,True,False,True,False,False,True,False,False
fullwave_abdominal_wall_20240728_501_1000,fullwave_abdominal_wall_20240728_501_1000_767_reg.hdf5,767,vishuman_abdwall_set_05,False,True,False,False,True,True,False,True,False,False,True,False,False
fullwave_abdominal_wall_20240728_501_1000,fullwave_abdominal_wall_20240728_501_1000_768_reg.hdf5,768,vishuman_abdwall_set_06,False,True,False,False,True,True,False,True,False,False,False,False,True
fullwave_abdominal_wall_20240728_501_1000,fullwave_abdominal_wall_20240728_501_1000_770_reg.hdf5,770,vishuman_abdwall_set_12,False,False,True,True,False,False,True,False,False,True,False,True,False
fullwave_abdominal_wall_20240728_501_1000,fullwave_abdominal_wall_20240728_501_1000_771_reg.hdf5,771,vishuman_abdominal_cropped,False,True,False,True,False,True,False,True,False,True,False,True,False
fullwave_abdominal_wall_20240728_501_1000,fullwave_abdominal_wall_20240728_501_1000_772_reg.hdf5,772,vishuman_abdwall_set_13,False,False,True,True,False,False,True,True,False,True,False,True,False
fullwave_abdominal_wall_20240728_501_1000,fullwave_abdominal_wall_20240728_501_1000_773_reg.hdf5,773,vishuman_abdominal_cropped,False,True,False,True,False,True,False,True,False,True,False,True,False
fullwave_abdominal_wall_20240728_501_1000,fullwave_abdominal_wall_20240728_501_1000_774_reg.hdf5,774,vishuman_abdwall_set_04,False,True,False,False,True,True,False,True,False,False,True,True,False
fullwave_abdominal_wall_20240728_501_1000,fullwave_abdominal_wall_20240728_501_1000_776_reg.hdf5,776,vishuman_abdwall_set_05,False,True,False,False,True,True,False,True,False,False,True,False,False
fullwave_abdominal_wall_20240728_501_1000,fullwave_abdominal_wall_20240728_501_1000_777_reg.hdf5,777,vishuman_abdwall_set_10,False,False,True,True,False,True,False,False,True,True,False,True,False
fullwave_abdominal_wall_20240728_501_1000,fullwave_abdominal_wall_20240728_501_1000_778_reg.hdf5,778,vishuman_abdwall_cropped_6left153s,False,True,False,False,True,True,False,True,False,False,True,False,True
fullwave_abdominal_wall_20240728_501_1000,fullwave_abdominal_wall_20240728_501_1000_779_reg.hdf5,779,vishuman_abdwall_set_07,False,True,False,False,True,True,False,True,False,True,False,False,True
fullwave_abdominal_wall_20240728_501_1000,fullwave_abdominal_wall_20240728_501_1000_780_reg.hdf5,780,vishuman_abdwall_set_11,False,False,True,True,False,False,False,False,True,True,False,True,False
fullwave_abdominal_wall_20240728_501_1000,fullwave_abdominal_wall_20240728_501_1000_781_reg.hdf5,781,vishuman_abdwall_set_05,False,True,False,False,True,True,False,True,False,False,True,False,False
fullwave_abdominal_wall_20240728_501_1000,fullwave_abdominal_wall_20240728_501_1000_782_reg.hdf5,782,vishuman_abdwall_set_11,False,False,True,True,False,False,False,False,True,True,False,True,False
fullwave_abdominal_wall_20240728_501_1000,fullwave_abdominal_wall_20240728_501_1000_783_reg.hdf5,783,vishuman_abdominal_cropped,False,True,False,True,False,True,False,True,False,True,False,True,False
fullwave_abdominal_wall_20240728_501_1000,fullwave_abdominal_wall_20240728_501_1000_784_reg.hdf5,784,vishuman_abdominal_cropped,False,True,False,True,False,True,False,True,False,True,False,True,False
fullwave_abdominal_wall_20240728_501_1000,fullwave_abdominal_wall_20240728_501_1000_786_reg.hdf5,786,vishuman_abdwall_set_05,False,True,False,False,True,True,False,True,False,False,True,False,False
fullwave_abdominal_wall_20240728_501_1000,fullwave_abdominal_wall_20240728_501_1000_787_reg.hdf5,787,vishuman_abdwall_set_11,False,False,True,True,False,False,False,False,True,True,False,True,False
fullwave_abdominal_wall_20240728_501_1000,fullwave_abdominal_wall_20240728_501_1000_788_reg.hdf5,788,vishuman_abdwall_set_11,False,False,True,True,False,False,False,False,True,True,False,True,False
fullwave_abdominal_wall_20240728_501_1000,fullwave_abdominal_wall_20240728_501_1000_789_reg.hdf5,789,vishuman_abdwall_cropped_5left153s,False,True,False,False,True,True,False,True,False,True,False,True,False
fullwave_abdominal_wall_20240728_501_1000,fullwave_abdominal_wall_20240728_501_1000_790_reg.hdf5,790,vishuman_abdwall_set_07,False,True,False,False,True,True,False,True,False,True,False,False,True
fullwave_abdominal_wall_20240728_501_1000,fullwave_abdominal_wall_20240728_501_1000_791_reg.hdf5,791,vishuman_abdwall_cropped_7left153s,False,True,False,False,True,True,False,True,False,False,True,False,True
fullwave_abdominal_wall_20240728_501_1000,fullwave_abdominal_wall_20240728_501_1000_792_reg.hdf5,792,vishuman_abdwall_set_10,False,False,True,True,False,True,False,False,True,True,False,True,False
fullwave_abdominal_wall_20240728_501_1000,fullwave_abdominal_wall_20240728_501_1000_793_reg.hdf5,793,vishuman_abdominal_cropped,False,True,False,True,False,True,False,True,False,True,False,True,False
fullwave_abdominal_wall_20240728_501_1000,fullwave_abdominal_wall_20240728_501_1000_795_reg.hdf5,795,vishuman_abdwall_set_12,False,False,True,True,False,False,True,False,False,True,False,True,False
fullwave_abdominal_wall_20240728_501_1000,fullwave_abdominal_wall_20240728_501_1000_796_reg.hdf5,796,vishuman_abdominal_cropped,False,True,False,True,False,True,False,True,False,True,False,True,False
fullwave_abdominal_wall_20240728_501_1000,fullwave_abdominal_wall_20240728_501_1000_797_reg.hdf5,797,vishuman_abdwall_cropped_5left153s,False,True,False,False,True,True,False,True,False,True,False,True,False
fullwave_abdominal_wall_20240728_501_1000,fullwave_abdominal_wall_20240728_501_1000_798_reg.hdf5,798,vishuman_abdominal_cropped,False,True,False,True,False,True,False,True,False,True,False,True,False
fullwave_abdominal_wall_20240728_501_1000,fullwave_abdominal_wall_20240728_501_1000_799_reg.hdf5,799,vishuman_abdwall_set_11,False,False,True,True,False,False,False,False,True,True,False,True,False
fullwave_abdominal_wall_20240728_501_1000,fullwave_abdominal_wall_20240728_501_1000_800_reg.hdf5,800,vishuman_abdwall_set_04,False,True,False,False,True,True,False,True,False,False,True,True,False
fullwave_abdominal_wall_20240728_501_1000,fullwave_abdominal_wall_20240728_501_1000_801_reg.hdf5,801,vishuman_abdwall_set_05,False,True,False,False,True,True,False,True,False,False,True,False,False
fullwave_abdominal_wall_20240728_501_1000,fullwave_abdominal_wall_20240728_501_1000_802_reg.hdf5,802,vishuman_abdwall_set_11,False,False,True,True,False,False,False,False,True,True,False,True,False
fullwave_abdominal_wall_20240728_501_1000,fullwave_abdominal_wall_20240728_501_1000_803_reg.hdf5,803,vishuman_abdwall_set_07,False,True,False,False,True,True,False,True,False,True,False,False,True
fullwave_abdominal_wall_20240728_501_1000,fullwave_abdominal_wall_20240728_501_1000_804_reg.hdf5,804,vishuman_abdwall_cropped_6left153s,False,True,False,False,True,True,False,True,False,False,True,False,True
fullwave_abdominal_wall_20240728_501_1000,fullwave_abdominal_wall_20240728_501_1000_805_reg.hdf5,805,vishuman_abdwall_cropped_7-153s,False,False,True,True,False,False,True,False,True,True,False,True,False
fullwave_abdominal_wall_20240728_501_1000,fullwave_abdominal_wall_20240728_501_1000_806_reg.hdf5,806,vishuman_abdwall_set_10,False,False,True,True,False,True,False,False,True,True,False,True,False
fullwave_abdominal_wall_20240728_501_1000,fullwave_abdominal_wall_20240728_501_1000_807_reg.hdf5,807,vishuman_abdwall_set_11,False,False,True,True,False,False,False,False,True,True,False,True,False
fullwave_abdominal_wall_20240728_501_1000,fullwave_abdominal_wall_20240728_501_1000_809_reg.hdf5,809,vishuman_abdwall_set_13,False,False,True,True,False,False,True,True,False,True,False,True,False
fullwave_abdominal_wall_20240728_501_1000,fullwave_abdominal_wall_20240728_501_1000_810_reg.hdf5,810,vishuman_abdwall_cropped_7-153s,False,False,True,True,False,False,True,False,True,True,False,True,False
fullwave_abdominal_wall_20240728_501_1000,fullwave_abdominal_wall_20240728_501_1000_811_reg.hdf5,811,vishuman_abdwall_set_10,False,False,True,True,False,True,False,False,True,True,False,True,False
fullwave_abdominal_wall_20240728_501_1000,fullwave_abdominal_wall_20240728_501_1000_812_reg.hdf5,812,vishuman_abdwall_cropped_6left153s,False,True,False,False,True,True,False,True,False,False,True,False,True
fullwave_abdominal_wall_20240728_501_1000,fullwave_abdominal_wall_20240728_501_1000_814_reg.hdf5,814,vishuman_abdwall_cropped_5left153s,False,True,False,False,True,True,False,True,False,True,False,True,False
fullwave_abdominal_wall_20240728_501_1000,fullwave_abdominal_wall_20240728_501_1000_815_reg.hdf5,815,vishuman_abdwall_set_06,False,True,False,False,True,True,False,True,False,False,False,False,True
fullwave_abdominal_wall_20240728_501_1000,fullwave_abdominal_wall_20240728_501_1000_816_reg.hdf5,816,vishuman_abdwall_set_13,False,False,True,True,False,False,True,True,False,True,False,True,False
fullwave_abdominal_wall_20240728_501_1000,fullwave_abdominal_wall_20240728_501_1000_817_reg.hdf5,817,vishuman_abdwall_cropped_6left153s,False,True,False,False,True,True,False,True,False,False,True,False,True
fullwave_abdominal_wall_20240728_501_1000,fullwave_abdominal_wall_20240728_501_1000_818_reg.hdf5,818,vishuman_abdwall_set_06,False,True,False,False,True,True,False,True,False,False,False,False,True
fullwave_abdominal_wall_20240728_501_1000,fullwave_abdominal_wall_20240728_501_1000_819_reg.hdf5,819,vishuman_abdominal_cropped,False,True,False,True,False,True,False,True,False,True,False,True,False
fullwave_abdominal_wall_20240728_501_1000,fullwave_abdominal_wall_20240728_501_1000_820_reg.hdf5,820,vishuman_abdwall_cropped_6left153s,False,True,False,False,True,True,False,True,False,False,True,False,True
fullwave_abdominal_wall_20240728_501_1000,fullwave_abdominal_wall_20240728_501_1000_821_reg.hdf5,821,vishuman_abdwall_cropped_6left153s,False,True,False,False,True,True,False,True,False,False,True,False,True
fullwave_abdominal_wall_20240728_501_1000,fullwave_abdominal_wall_20240728_501_1000_822_reg.hdf5,822,vishuman_abdwall_set_05,False,True,False,False,True,True,False,True,False,False,True,False,False
fullwave_abdominal_wall_20240728_501_1000,fullwave_abdominal_wall_20240728_501_1000_823_reg.hdf5,823,vishuman_abdwall_153_h,False,False,True,True,False,False,True,False,True,True,False,True,False
fullwave_abdominal_wall_20240728_501_1000,fullwave_abdominal_wall_20240728_501_1000_824_reg.hdf5,824,vishuman_abdwall_cropped_5left153s,False,True,False,False,True,True,False,True,False,True,False,True,False
fullwave_abdominal_wall_20240728_501_1000,fullwave_abdominal_wall_20240728_501_1000_825_reg.hdf5,825,vishuman_abdwall_set_06,False,True,False,False,True,True,False,True,False,False,False,False,True
fullwave_abdominal_wall_20240728_501_1000,fullwave_abdominal_wall_20240728_501_1000_826_reg.hdf5,826,vishuman_abdwall_set_11,False,False,True,True,False,False,False,False,True,True,False,True,False
fullwave_abdominal_wall_20240728_501_1000,fullwave_abdominal_wall_20240728_501_1000_827_reg.hdf5,827,vishuman_abdwall_153_h,False,False,True,True,False,False,True,False,True,True,False,True,False
fullwave_abdominal_wall_20240728_501_1000,fullwave_abdominal_wall_20240728_501_1000_828_reg.hdf5,828,vishuman_abdwall_cropped_5left153s,False,True,False,False,True,True,False,True,False,True,False,True,False
fullwave_abdominal_wall_20240728_501_1000,fullwave_abdominal_wall_20240728_501_1000_829_reg.hdf5,829,vishuman_abdominal_cropped,False,True,False,True,False,True,False,True,False,True,False,True,False
fullwave_abdominal_wall_20240728_501_1000,fullwave_abdominal_wall_20240728_501_1000_830_reg.hdf5,830,vishuman_abdwall_set_05,False,True,False,False,True,True,False,True,False,False,True,False,False
fullwave_abdominal_wall_20240728_501_1000,fullwave_abdominal_wall_20240728_501_1000_831_reg.hdf5,831,vishuman_abdwall_cropped_5left153s,False,True,False,False,True,True,False,True,False,True,False,True,False
fullwave_abdominal_wall_20240728_501_1000,fullwave_abdominal_wall_20240728_501_1000_832_reg.hdf5,832,vishuman_abdwall_set_04,False,True,False,False,True,True,False,True,False,False,True,True,False
fullwave_abdominal_wall_20240728_501_1000,fullwave_abdominal_wall_20240728_501_1000_833_reg.hdf5,833,vishuman_abdwall_cropped_7left153s,False,True,False,False,True,True,False,True,False,False,True,False,True
fullwave_abdominal_wall_20240728_501_1000,fullwave_abdominal_wall_20240728_501_1000_834_reg.hdf5,834,vishuman_abdwall_set_13,False,False,True,True,False,False,True,True,False,True,False,True,False
fullwave_abdominal_wall_20240728_501_1000,fullwave_abdominal_wall_20240728_501_1000_835_reg.hdf5,835,vishuman_abdwall_set_05,False,True,False,False,True,True,False,True,False,False,True,False,False
fullwave_abdominal_wall_20240728_501_1000,fullwave_abdominal_wall_20240728_501_1000_836_reg.hdf5,836,vishuman_abdwall_cropped_6left153s,False,True,False,False,True,True,False,True,False,False,True,False,True
fullwave_abdominal_wall_20240728_501_1000,fullwave_abdominal_wall_20240728_501_1000_838_reg.hdf5,838,vishuman_abdwall_set_06,False,True,False,False,True,True,False,True,False,False,False,False,True
fullwave_abdominal_wall_20240728_501_1000,fullwave_abdominal_wall_20240728_501_1000_839_reg.hdf5,839,vishuman_abdwall_set_06,False,True,False,False,True,True,False,True,False,False,False,False,True
fullwave_abdominal_wall_20240728_501_1000,fullwave_abdominal_wall_20240728_501_1000_840_reg.hdf5,840,vishuman_abdwall_cropped_5left153s,False,True,False,False,True,True,False,True,False,True,False,True,False
fullwave_abdominal_wall_20240728_501_1000,fullwave_abdominal_wall_20240728_501_1000_841_reg.hdf5,841,vishuman_abdwall_cropped_5left153s,False,True,False,False,True,True,False,True,False,True,False,True,False
fullwave_abdominal_wall_20240728_501_1000,fullwave_abdominal_wall_20240728_501_1000_842_reg.hdf5,842,vishuman_abdwall_set_10,False,False,True,True,False,True,False,False,True,True,False,True,False
fullwave_abdominal_wall_20240728_501_1000,fullwave_abdominal_wall_20240728_501_1000_843_reg.hdf5,843,vishuman_abdwall_set_12,False,False,True,True,False,False,True,False,False,True,False,True,False
fullwave_abdominal_wall_20240728_501_1000,fullwave_abdominal_wall_20240728_501_1000_844_reg.hdf5,844,vishuman_abdwall_set_04,False,True,False,False,True,True,False,True,False,False,True,True,False
fullwave_abdominal_wall_20240728_501_1000,fullwave_abdominal_wall_20240728_501_1000_846_reg.hdf5,846,vishuman_abdwall_set_10,False,False,True,True,False,True,False,False,True,True,False,True,False
fullwave_abdominal_wall_20240728_501_1000,fullwave_abdominal_wall_20240728_501_1000_847_reg.hdf5,847,vishuman_abdwall_set_11,False,False,True,True,False,False,False,False,True,True,False,True,False
fullwave_abdominal_wall_20240728_501_1000,fullwave_abdominal_wall_20240728_501_1000_848_reg.hdf5,848,vishuman_abdwall_set_06,False,True,False,False,True,True,False,True,False,False,False,False,True
fullwave_abdominal_wall_20240728_501_1000,fullwave_abdominal_wall_20240728_501_1000_849_reg.hdf5,849,vishuman_abdwall_set_12,False,False,True,True,False,False,True,False,False,True,False,True,False
fullwave_abdominal_wall_20240728_501_1000,fullwave_abdominal_wall_20240728_501_1000_851_reg.hdf5,851,vishuman_abdwall_set_12,False,False,True,True,False,False,True,False,False,True,False,True,False
fullwave_abdominal_wall_20240728_501_1000,fullwave_abdominal_wall_20240728_501_1000_852_reg.hdf5,852,vishuman_abdwall_set_06,False,True,False,False,True,True,False,True,False,False,False,False,True
fullwave_abdominal_wall_20240728_501_1000,fullwave_abdominal_wall_20240728_501_1000_853_reg.hdf5,853,vishuman_abdwall_set_07,False,True,False,False,True,True,False,True,False,True,False,False,True
fullwave_abdominal_wall_20240728_501_1000,fullwave_abdominal_wall_20240728_501_1000_854_reg.hdf5,854,vishuman_abdwall_set_10,False,False,True,True,False,True,False,False,True,True,False,True,False
fullwave_abdominal_wall_20240728_501_1000,fullwave_abdominal_wall_20240728_501_1000_857_reg.hdf5,857,vishuman_abdwall_cropped_7-153s,False,False,True,True,False,False,True,False,True,True,False,True,False
fullwave_abdominal_wall_20240728_501_1000,fullwave_abdominal_wall_20240728_501_1000_858_reg.hdf5,858,vishuman_abdwall_cropped_5left153s,False,True,False,False,True,True,False,True,False,True,False,True,False
fullwave_abdominal_wall_20240728_501_1000,fullwave_abdominal_wall_20240728_501_1000_859_reg.hdf5,859,vishuman_abdwall_cropped_5left153s,False,True,False,False,True,True,False,True,False,True,False,True,False
fullwave_abdominal_wall_20240728_501_1000,fullwave_abdominal_wall_20240728_501_1000_860_reg.hdf5,860,vishuman_abdwall_set_12,False,False,True,True,False,False,True,False,False,True,False,True,False
fullwave_abdominal_wall_20240728_501_1000,fullwave_abdominal_wall_20240728_501_1000_863_reg.hdf5,863,vishuman_abdwall_set_11,False,False,True,True,False,False,False,False,True,True,False,True,False
fullwave_abdominal_wall_20240728_501_1000,fullwave_abdominal_wall_20240728_501_1000_864_reg.hdf5,864,vishuman_abdwall_cropped_7left153s,False,True,False,False,True,True,False,True,False,False,True,False,True
fullwave_abdominal_wall_20240728_501_1000,fullwave_abdominal_wall_20240728_501_1000_865_reg.hdf5,865,vishuman_abdwall_cropped_7left153s,False,True,False,False,True,True,False,True,False,False,True,False,True
fullwave_abdominal_wall_20240728_501_1000,fullwave_abdominal_wall_20240728_501_1000_866_reg.hdf5,866,vishuman_abdwall_cropped_7left153s,False,True,False,False,True,True,False,True,False,False,True,False,True
fullwave_abdominal_wall_20240728_501_1000,fullwave_abdominal_wall_20240728_501_1000_867_reg.hdf5,867,vishuman_abdwall_set_11,False,False,True,True,False,False,False,False,True,True,False,True,False
fullwave_abdominal_wall_20240728_501_1000,fullwave_abdominal_wall_20240728_501_1000_868_reg.hdf5,868,vishuman_abdwall_set_10,False,False,True,True,False,True,False,False,True,True,False,True,False
fullwave_abdominal_wall_20240728_501_1000,fullwave_abdominal_wall_20240728_501_1000_869_reg.hdf5,869,vishuman_abdwall_set_13,False,False,True,True,False,False,True,True,False,True,False,True,False
fullwave_abdominal_wall_20240728_501_1000,fullwave_abdominal_wall_20240728_501_1000_870_reg.hdf5,870,vishuman_abdwall_set_11,False,False,True,True,False,False,False,False,True,True,False,True,False
fullwave_abdominal_wall_20240728_501_1000,fullwave_abdominal_wall_20240728_501_1000_872_reg.hdf5,872,vishuman_abdwall_set_10,False,False,True,True,False,True,False,False,True,True,False,True,False
fullwave_abdominal_wall_20240728_501_1000,fullwave_abdominal_wall_20240728_501_1000_873_reg.hdf5,873,vishuman_abdwall_set_06,False,True,False,False,True,True,False,True,False,False,False,False,True
fullwave_abdominal_wall_20240728_501_1000,fullwave_abdominal_wall_20240728_501_1000_875_reg.hdf5,875,vishuman_abdwall_set_11,False,False,True,True,False,False,False,False,True,True,False,True,False
fullwave_abdominal_wall_20240728_501_1000,fullwave_abdominal_wall_20240728_501_1000_876_reg.hdf5,876,vishuman_abdwall_set_10,False,False,True,True,False,True,False,False,True,True,False,True,False
fullwave_abdominal_wall_20240728_501_1000,fullwave_abdominal_wall_20240728_501_1000_877_reg.hdf5,877,vishuman_abdwall_set_04,False,True,False,False,True,True,False,True,False,False,True,True,False
fullwave_abdominal_wall_20240728_501_1000,fullwave_abdominal_wall_20240728_501_1000_879_reg.hdf5,879,vishuman_abdwall_set_06,False,True,False,False,True,True,False,True,False,False,False,False,True
fullwave_abdominal_wall_20240728_501_1000,fullwave_abdominal_wall_20240728_501_1000_880_reg.hdf5,880,vishuman_abdominal_cropped,False,True,False,True,False,True,False,True,False,True,False,True,False
fullwave_abdominal_wall_20240728_501_1000,fullwave_abdominal_wall_20240728_501_1000_881_reg.hdf5,881,vishuman_abdwall_set_13,False,False,True,True,False,False,True,True,False,True,False,True,False
fullwave_abdominal_wall_20240728_501_1000,fullwave_abdominal_wall_20240728_501_1000_882_reg.hdf5,882,vishuman_abdominal_cropped,False,True,False,True,False,True,False,True,False,True,False,True,False
fullwave_abdominal_wall_20240728_501_1000,fullwave_abdominal_wall_20240728_501_1000_883_reg.hdf5,883,vishuman_abdwall_cropped_6left153s,False,True,False,False,True,True,False,True,False,False,True,False,True
fullwave_abdominal_wall_20240728_501_1000,fullwave_abdominal_wall_20240728_501_1000_884_reg.hdf5,884,vishuman_abdwall_set_06,False,True,False,False,True,True,False,True,False,False,False,False,True
fullwave_abdominal_wall_20240728_501_1000,fullwave_abdominal_wall_20240728_501_1000_885_reg.hdf5,885,vishuman_abdwall_set_11,False,False,True,True,False,False,False,False,True,True,False,True,False
fullwave_abdominal_wall_20240728_501_1000,fullwave_abdominal_wall_20240728_501_1000_886_reg.hdf5,886,vishuman_abdwall_set_12,False,False,True,True,False,False,True,False,False,True,False,True,False
fullwave_abdominal_wall_20240728_501_1000,fullwave_abdominal_wall_20240728_501_1000_887_reg.hdf5,887,vishuman_abdwall_set_04,False,True,False,False,True,True,False,True,False,False,True,True,False
fullwave_abdominal_wall_20240728_501_1000,fullwave_abdominal_wall_20240728_501_1000_888_reg.hdf5,888,vishuman_abdwall_set_06,False,True,False,False,True,True,False,True,False,False,False,False,True
fullwave_abdominal_wall_20240728_501_1000,fullwave_abdominal_wall_20240728_501_1000_889_reg.hdf5,889,vishuman_abdwall_set_10,False,False,True,True,False,True,False,False,True,True,False,True,False
fullwave_abdominal_wall_20240728_501_1000,fullwave_abdominal_wall_20240728_501_1000_890_reg.hdf5,890,vishuman_abdwall_cropped_6left153s,False,True,False,False,True,True,False,True,False,False,True,False,True
fullwave_abdominal_wall_20240728_501_1000,fullwave_abdominal_wall_20240728_501_1000_891_reg.hdf5,891,vishuman_abdwall_cropped_7-153s,False,False,True,True,False,False,True,False,True,True,False,True,False
fullwave_abdominal_wall_20240728_501_1000,fullwave_abdominal_wall_20240728_501_1000_892_reg.hdf5,892,vishuman_abdwall_cropped_6left153s,False,True,False,False,True,True,False,True,False,False,True,False,True
fullwave_abdominal_wall_20240728_501_1000,fullwave_abdominal_wall_20240728_501_1000_893_reg.hdf5,893,vishuman_abdwall_cropped_7left153s,False,True,False,False,True,True,False,True,False,False,True,False,True
fullwave_abdominal_wall_20240728_501_1000,fullwave_abdominal_wall_20240728_501_1000_894_reg.hdf5,894,vishuman_abdwall_set_13,False,False,True,True,False,False,True,True,False,True,False,True,False
fullwave_abdominal_wall_20240728_501_1000,fullwave_abdominal_wall_20240728_501_1000_895_reg.hdf5,895,vishuman_abdwall_set_07,False,True,False,False,True,True,False,True,False,True,False,False,True
fullwave_abdominal_wall_20240728_501_1000,fullwave_abdominal_wall_20240728_501_1000_896_reg.hdf5,896,vishuman_abdwall_cropped_5left153s,False,True,False,False,True,True,False,True,False,True,False,True,False
fullwave_abdominal_wall_20240728_501_1000,fullwave_abdominal_wall_20240728_501_1000_899_reg.hdf5,899,vishuman_abdwall_cropped_6left153s,False,True,False,False,True,True,False,True,False,False,True,False,True
fullwave_abdominal_wall_20240728_501_1000,fullwave_abdominal_wall_20240728_501_1000_900_reg.hdf5,900,vishuman_abdwall_153_h,False,False,True,True,False,False,True,False,True,True,False,True,False
fullwave_abdominal_wall_20240728_501_1000,fullwave_abdominal_wall_20240728_501_1000_903_reg.hdf5,903,vishuman_abdwall_set_04,False,True,False,False,True,True,False,True,False,False,True,True,False
fullwave_abdominal_wall_20240728_501_1000,fullwave_abdominal_wall_20240728_501_1000_904_reg.hdf5,904,vishuman_abdwall_set_07,False,True,False,False,True,True,False,True,False,True,False,False,True
fullwave_abdominal_wall_20240728_501_1000,fullwave_abdominal_wall_20240728_501_1000_905_reg.hdf5,905,vishuman_abdwall_set_11,False,False,True,True,False,False,False,False,True,True,False,True,False
fullwave_abdominal_wall_20240728_501_1000,fullwave_abdominal_wall_20240728_501_1000_907_reg.hdf5,907,vishuman_abdominal_cropped,False,True,False,True,False,True,False,True,False,True,False,True,False
fullwave_abdominal_wall_20240728_501_1000,fullwave_abdominal_wall_20240728_501_1000_908_reg.hdf5,908,vishuman_abdwall_cropped_5left153s,False,True,False,False,True,True,False,True,False,True,False,True,False
fullwave_abdominal_wall_20240728_501_1000,fullwave_abdominal_wall_20240728_501_1000_909_reg.hdf5,909,vishuman_abdwall_set_06,False,True,False,False,True,True,False,True,False,False,False,False,True
fullwave_abdominal_wall_20240728_501_1000,fullwave_abdominal_wall_20240728_501_1000_910_reg.hdf5,910,vishuman_abdwall_cropped_7left153s,False,True,False,False,True,True,False,True,False,False,True,False,True
fullwave_abdominal_wall_20240728_501_1000,fullwave_abdominal_wall_20240728_501_1000_911_reg.hdf5,911,vishuman_abdwall_set_06,False,True,False,False,True,True,False,True,False,False,False,False,True
fullwave_abdominal_wall_20240728_501_1000,fullwave_abdominal_wall_20240728_501_1000_912_reg.hdf5,912,vishuman_abdwall_cropped_7left153s,False,True,False,False,True,True,False,True,False,False,True,False,True
fullwave_abdominal_wall_20240728_501_1000,fullwave_abdominal_wall_20240728_501_1000_914_reg.hdf5,914,vishuman_abdwall_cropped_6left153s,False,True,False,False,True,True,False,True,False,False,True,False,True
fullwave_abdominal_wall_20240728_501_1000,fullwave_abdominal_wall_20240728_501_1000_915_reg.hdf5,915,vishuman_abdwall_set_07,False,True,False,False,True,True,False,True,False,True,False,False,True
fullwave_abdominal_wall_20240728_501_1000,fullwave_abdominal_wall_20240728_501_1000_916_reg.hdf5,916,vishuman_abdwall_cropped_7-153s,False,False,True,True,False,False,True,False,True,True,False,True,False
fullwave_abdominal_wall_20240728_501_1000,fullwave_abdominal_wall_20240728_501_1000_918_reg.hdf5,918,vishuman_abdwall_cropped_7-153s,False,False,True,True,False,False,True,False,True,True,False,True,False
fullwave_abdominal_wall_20240728_501_1000,fullwave_abdominal_wall_20240728_501_1000_919_reg.hdf5,919,vishuman_abdwall_set_12,False,False,True,True,False,False,True,False,False,True,False,True,False
fullwave_abdominal_wall_20240728_501_1000,fullwave_abdominal_wall_20240728_501_1000_920_reg.hdf5,920,vishuman_abdwall_set_07,False,True,False,False,True,True,False,True,False,True,False,False,True
fullwave_abdominal_wall_20240728_501_1000,fullwave_abdominal_wall_20240728_501_1000_921_reg.hdf5,921,vishuman_abdominal_cropped,False,True,False,True,False,True,False,True,False,True,False,True,False
fullwave_abdominal_wall_20240728_501_1000,fullwave_abdominal_wall_20240728_501_1000_922_reg.hdf5,922,vishuman_abdwall_set_06,False,True,False,False,True,True,False,True,False,False,False,False,True
fullwave_abdominal_wall_20240728_501_1000,fullwave_abdominal_wall_20240728_501_1000_923_reg.hdf5,923,vishuman_abdwall_set_11,False,False,True,True,False,False,False,False,True,True,False,True,False
fullwave_abdominal_wall_20240728_501_1000,fullwave_abdominal_wall_20240728_501_1000_924_reg.hdf5,924,vishuman_abdwall_set_13,False,False,True,True,False,False,True,True,False,True,False,True,False
fullwave_abdominal_wall_20240728_501_1000,fullwave_abdominal_wall_20240728_501_1000_925_reg.hdf5,925,vishuman_abdwall_set_12,False,False,True,True,False,False,True,False,False,True,False,True,False
fullwave_abdominal_wall_20240728_501_1000,fullwave_abdominal_wall_20240728_501_1000_926_reg.hdf5,926,vishuman_abdwall_cropped_7-153s,False,False,True,True,False,False,True,False,True,True,False,True,False
fullwave_abdominal_wall_20240728_501_1000,fullwave_abdominal_wall_20240728_501_1000_928_reg.hdf5,928,vishuman_abdwall_cropped_5left153s,False,True,False,False,True,True,False,True,False,True,False,True,False
fullwave_abdominal_wall_20240728_501_1000,fullwave_abdominal_wall_20240728_501_1000_929_reg.hdf5,929,vishuman_abdwall_set_04,False,True,False,False,True,True,False,True,False,False,True,True,False
fullwave_abdominal_wall_20240728_501_1000,fullwave_abdominal_wall_20240728_501_1000_930_reg.hdf5,930,vishuman_abdwall_153_h,False,False,True,True,False,False,True,False,True,True,False,True,False
fullwave_abdominal_wall_20240728_501_1000,fullwave_abdominal_wall_20240728_501_1000_931_reg.hdf5,931,vishuman_abdwall_set_06,False,True,False,False,True,True,False,True,False,False,False,False,True
fullwave_abdominal_wall_20240728_501_1000,fullwave_abdominal_wall_20240728_501_1000_934_reg.hdf5,934,vishuman_abdwall_set_06,False,True,False,False,True,True,False,True,False,False,False,False,True
fullwave_abdominal_wall_20240728_501_1000,fullwave_abdominal_wall_20240728_501_1000_935_reg.hdf5,935,vishuman_abdwall_set_13,False,False,True,True,False,False,True,True,False,True,False,True,False
fullwave_abdominal_wall_20240728_501_1000,fullwave_abdominal_wall_20240728_501_1000_936_reg.hdf5,936,vishuman_abdwall_cropped_7-153s,False,False,True,True,False,False,True,False,True,True,False,True,False
fullwave_abdominal_wall_20240728_501_1000,fullwave_abdominal_wall_20240728_501_1000_937_reg.hdf5,937,vishuman_abdwall_set_13,False,False,True,True,False,False,True,True,False,True,False,True,False
fullwave_abdominal_wall_20240728_501_1000,fullwave_abdominal_wall_20240728_501_1000_938_reg.hdf5,938,vishuman_abdwall_set_11,False,False,True,True,False,False,False,False,True,True,False,True,False
fullwave_abdominal_wall_20240728_501_1000,fullwave_abdominal_wall_20240728_501_1000_940_reg.hdf5,940,vishuman_abdwall_set_10,False,False,True,True,False,True,False,False,True,True,False,True,False
fullwave_abdominal_wall_20240728_501_1000,fullwave_abdominal_wall_20240728_501_1000_941_reg.hdf5,941,vishuman_abdwall_cropped_5left153s,False,True,False,False,True,True,False,True,False,True,False,True,False
fullwave_abdominal_wall_20240728_501_1000,fullwave_abdominal_wall_20240728_501_1000_942_reg.hdf5,942,vishuman_abdwall_set_05,False,True,False,False,True,True,False,True,False,False,True,False,False
fullwave_abdominal_wall_20240728_501_1000,fullwave_abdominal_wall_20240728_501_1000_943_reg.hdf5,943,vishuman_abdwall_set_04,False,True,False,False,True,True,False,True,False,False,True,True,False
fullwave_abdominal_wall_20240728_501_1000,fullwave_abdominal_wall_20240728_501_1000_944_reg.hdf5,944,vishuman_abdwall_set_05,False,True,False,False,True,True,False,True,False,False,True,False,False
fullwave_abdominal_wall_20240728_501_1000,fullwave_abdominal_wall_20240728_501_1000_945_reg.hdf5,945,vishuman_abdwall_cropped_6left153s,False,True,False,False,True,True,False,True,False,False,True,False,True
fullwave_abdominal_wall_20240728_501_1000,fullwave_abdominal_wall_20240728_501_1000_946_reg.hdf5,946,vishuman_abdwall_153_h,False,False,True,True,False,False,True,False,True,True,False,True,False
fullwave_abdominal_wall_20240728_501_1000,fullwave_abdominal_wall_20240728_501_1000_947_reg.hdf5,947,vishuman_abdwall_cropped_7left153s,False,True,False,False,True,True,False,True,False,False,True,False,True
fullwave_abdominal_wall_20240728_501_1000,fullwave_abdominal_wall_20240728_501_1000_948_reg.hdf5,948,vishuman_abdwall_cropped_6left153s,False,True,False,False,True,True,False,True,False,False,True,False,True
fullwave_abdominal_wall_20240728_501_1000,fullwave_abdominal_wall_20240728_501_1000_949_reg.hdf5,949,vishuman_abdwall_set_12,False,False,True,True,False,False,True,False,False,True,False,True,False
fullwave_abdominal_wall_20240728_501_1000,fullwave_abdominal_wall_20240728_501_1000_950_reg.hdf5,950,vishuman_abdwall_set_13,False,False,True,True,False,False,True,True,False,True,False,True,False
fullwave_abdominal_wall_20240728_501_1000,fullwave_abdominal_wall_20240728_501_1000_951_reg.hdf5,951,vishuman_abdwall_set_10,False,False,True,True,False,True,False,False,True,True,False,True,False
fullwave_abdominal_wall_20240728_501_1000,fullwave_abdominal_wall_20240728_501_1000_952_reg.hdf5,952,vishuman_abdwall_set_11,False,False,True,True,False,False,False,False,True,True,False,True,False
fullwave_abdominal_wall_20240728_501_1000,fullwave_abdominal_wall_20240728_501_1000_953_reg.hdf5,953,vishuman_abdwall_set_11,False,False,True,True,False,False,False,False,True,True,False,True,False
fullwave_abdominal_wall_20240728_501_1000,fullwave_abdominal_wall_20240728_501_1000_954_reg.hdf5,954,vishuman_abdwall_cropped_7-153s,False,False,True,True,False,False,True,False,True,True,False,True,False
fullwave_abdominal_wall_20240728_501_1000,fullwave_abdominal_wall_20240728_501_1000_957_reg.hdf5,957,vishuman_abdwall_set_11,False,False,True,True,False,False,False,False,True,True,False,True,False
fullwave_abdominal_wall_20240728_501_1000,fullwave_abdominal_wall_20240728_501_1000_958_reg.hdf5,958,vishuman_abdwall_set_04,False,True,False,False,True,True,False,True,False,False,True,True,False
fullwave_abdominal_wall_20240728_501_1000,fullwave_abdominal_wall_20240728_501_1000_959_reg.hdf5,959,vishuman_abdwall_153_h,False,False,True,True,False,False,True,False,True,True,False,True,False
fullwave_abdominal_wall_20240728_501_1000,fullwave_abdominal_wall_20240728_501_1000_960_reg.hdf5,960,vishuman_abdwall_153_h,False,False,True,True,False,False,True,False,True,True,False,True,False
fullwave_abdominal_wall_20240728_501_1000,fullwave_abdominal_wall_20240728_501_1000_961_reg.hdf5,961,vishuman_abdwall_set_04,False,True,False,False,True,True,False,True,False,False,True,True,False
fullwave_abdominal_wall_20240728_501_1000,fullwave_abdominal_wall_20240728_501_1000_962_reg.hdf5,962,vishuman_abdwall_set_07,False,True,False,False,True,True,False,True,False,True,False,False,True
fullwave_abdominal_wall_20240728_501_1000,fullwave_abdominal_wall_20240728_501_1000_963_reg.hdf5,963,vishuman_abdwall_cropped_6left153s,False,True,False,False,True,True,False,True,False,False,True,False,True
fullwave_abdominal_wall_20240728_501_1000,fullwave_abdominal_wall_20240728_501_1000_964_reg.hdf5,964,vishuman_abdwall_set_13,False,False,True,True,False,False,True,True,False,True,False,True,False
fullwave_abdominal_wall_20240728_501_1000,fullwave_abdominal_wall_20240728_501_1000_965_reg.hdf5,965,vishuman_abdwall_set_04,False,True,False,False,True,True,False,True,False,False,True,True,False
fullwave_abdominal_wall_20240728_501_1000,fullwave_abdominal_wall_20240728_501_1000_966_reg.hdf5,966,vishuman_abdwall_set_11,False,False,True,True,False,False,False,False,True,True,False,True,False
fullwave_abdominal_wall_20240728_501_1000,fullwave_abdominal_wall_20240728_501_1000_967_reg.hdf5,967,vishuman_abdwall_set_07,False,True,False,False,True,True,False,True,False,True,False,False,True
fullwave_abdominal_wall_20240728_501_1000,fullwave_abdominal_wall_20240728_501_1000_968_reg.hdf5,968,vishuman_abdwall_cropped_6left153s,False,True,False,False,True,True,False,True,False,False,True,False,True
fullwave_abdominal_wall_20240728_501_1000,fullwave_abdominal_wall_20240728_501_1000_969_reg.hdf5,969,vishuman_abdwall_set_07,False,True,False,False,True,True,False,True,False,True,False,False,True
fullwave_abdominal_wall_20240728_501_1000,fullwave_abdominal_wall_20240728_501_1000_970_reg.hdf5,970,vishuman_abdwall_set_13,False,False,True,True,False,False,True,True,False,True,False,True,False
fullwave_abdominal_wall_20240728_501_1000,fullwave_abdominal_wall_20240728_501_1000_972_reg.hdf5,972,vishuman_abdominal_cropped,False,True,False,True,False,True,False,True,False,True,False,True,False
fullwave_abdominal_wall_20240728_501_1000,fullwave_abdominal_wall_20240728_501_1000_973_reg.hdf5,973,vishuman_abdwall_set_13,False,False,True,True,False,False,True,True,False,True,False,True,False
fullwave_abdominal_wall_20240728_501_1000,fullwave_abdominal_wall_20240728_501_1000_974_reg.hdf5,974,vishuman_abdwall_set_05,False,True,False,False,True,True,False,True,False,False,True,False,False
fullwave_abdominal_wall_20240728_501_1000,fullwave_abdominal_wall_20240728_501_1000_975_reg.hdf5,975,vishuman_abdwall_set_05,False,True,False,False,True,True,False,True,False,False,True,False,False
fullwave_abdominal_wall_20240728_501_1000,fullwave_abdominal_wall_20240728_501_1000_976_reg.hdf5,976,vishuman_abdwall_set_11,False,False,True,True,False,False,False,False,True,True,False,True,False
fullwave_abdominal_wall_20240728_501_1000,fullwave_abdominal_wall_20240728_501_1000_977_reg.hdf5,977,vishuman_abdwall_set_10,False,False,True,True,False,True,False,False,True,True,False,True,False
fullwave_abdominal_wall_20240728_501_1000,fullwave_abdominal_wall_20240728_501_1000_978_reg.hdf5,978,vishuman_abdwall_cropped_5left153s,False,True,False,False,True,True,False,True,False,True,False,True,False
fullwave_abdominal_wall_20240728_501_1000,fullwave_abdominal_wall_20240728_501_1000_979_reg.hdf5,979,vishuman_abdwall_set_06,False,True,False,False,True,True,False,True,False,False,False,False,True
fullwave_abdominal_wall_20240728_501_1000,fullwave_abdominal_wall_20240728_501_1000_980_reg.hdf5,980,vishuman_abdwall_cropped_7-153s,False,False,True,True,False,False,True,False,True,True,False,True,False
fullwave_abdominal_wall_20240728_501_1000,fullwave_abdominal_wall_20240728_501_1000_981_reg.hdf5,981,vishuman_abdwall_set_10,False,False,True,True,False,True,False,False,True,True,False,True,False
fullwave_abdominal_wall_20240728_501_1000,fullwave_abdominal_wall_20240728_501_1000_982_reg.hdf5,982,vishuman_abdwall_set_05,False,True,False,False,True,True,False,True,False,False,True,False,False
fullwave_abdominal_wall_20240728_501_1000,fullwave_abdominal_wall_20240728_501_1000_983_reg.hdf5,983,vishuman_abdwall_cropped_7-153s,False,False,True,True,False,False,True,False,True,True,False,True,False
fullwave_abdominal_wall_20240728_501_1000,fullwave_abdominal_wall_20240728_501_1000_984_reg.hdf5,984,vishuman_abdwall_153_h,False,False,True,True,False,False,True,False,True,True,False,True,False
fullwave_abdominal_wall_20240728_501_1000,fullwave_abdominal_wall_20240728_501_1000_985_reg.hdf5,985,vishuman_abdwall_set_05,False,True,False,False,True,True,False,True,False,False,True,False,False
fullwave_abdominal_wall_20240728_501_1000,fullwave_abdominal_wall_20240728_501_1000_986_reg.hdf5,986,vishuman_abdwall_cropped_5left153s,False,True,False,False,True,True,False,True,False,True,False,True,False
fullwave_abdominal_wall_20240728_501_1000,fullwave_abdominal_wall_20240728_501_1000_987_reg.hdf5,987,vishuman_abdwall_cropped_6left153s,False,True,False,False,True,True,False,True,False,False,True,False,True
fullwave_abdominal_wall_20240728_501_1000,fullwave_abdominal_wall_20240728_501_1000_989_reg.hdf5,989,vishuman_abdwall_set_04,False,True,False,False,True,True,False,True,False,False,True,True,False
fullwave_abdominal_wall_20240728_501_1000,fullwave_abdominal_wall_20240728_501_1000_990_reg.hdf5,990,vishuman_abdwall_set_05,False,True,False,False,True,True,False,True,False,False,True,False,False
fullwave_abdominal_wall_20240728_501_1000,fullwave_abdominal_wall_20240728_501_1000_991_reg.hdf5,991,vishuman_abdwall_cropped_5left153s,False,True,False,False,True,True,False,True,False,True,False,True,False
fullwave_abdominal_wall_20240728_501_1000,fullwave_abdominal_wall_20240728_501_1000_993_reg.hdf5,993,vishuman_abdwall_set_13,False,False,True,True,False,False,True,True,False,True,False,True,False
fullwave_abdominal_wall_20240728_501_1000,fullwave_abdominal_wall_20240728_501_1000_994_reg.hdf5,994,vishuman_abdwall_cropped_6left153s,False,True,False,False,True,True,False,True,False,False,True,False,True
fullwave_abdominal_wall_20240728_501_1000,fullwave_abdominal_wall_20240728_501_1000_995_reg.hdf5,995,vishuman_abdwall_153_h,False,False,True,True,False,False,True,False,True,True,False,True,False
fullwave_abdominal_wall_20240728_501_1000,fullwave_abdominal_wall_20240728_501_1000_996_reg.hdf5,996,vishuman_abdwall_set_11,False,False,True,True,False,False,False,False,True,True,False,True,False
fullwave_abdominal_wall_20240728_501_1000,fullwave_abdominal_wall_20240728_501_1000_998_reg.hdf5,998,vishuman_abdwall_set_06,False,True,False,False,True,True,False,True,False,False,False,False,True
fullwave_abdominal_wall_20240728_501_1000,fullwave_abdominal_wall_20240728_501_1000_999_reg.hdf5,999,vishuman_abdwall_153_h,False,False,True,True,False,False,True,False,True,True,False,True,False
fullwave_abdominal_wall_20240728_501_1000,fullwave_abdominal_wall_20240728_501_1000_1000_reg.hdf5,1000,vishuman_abdwall_set_13,False,False,True,True,False,False,True,True,False,True,False,True,False
